1,"Beethoven,  Ludwig  van"
2,"Weber,  Carl  Maria Von"
3,"Hummel,  Johann"
4,"Rossini,  Gioachino"
5,"Mozart,  Wolfgang  Amadeus"
6,"Kalliwoda,  Johann  W."
7,"Bellini,  Vincenzo"
8,"Romberg,  Bernhard"
9,"Pacini,  Giovanni"
10,"Onslow,  George"
11,"Thalberg,  Sigismond"
12,"Herz,  Henri"
13,"Lindpaintner,  Peter  Von"
14,"Haydn,  Franz  Joseph"
15,"Mendelssohn,  Felix"
16,"Spohr,  Louis"
17,"Nini,  Alessandro"
18,"Donizetti,  Gaetano"
19,"Reicha,  Antoine(-Joseph)"
20,"Herold,  Louis  Joseph Ferdinand [Hérold]"
21,"Bochsa,  Robert  N. C."
22,"Vieuxtemps,  Henri"
23,"Marschner,  Heinrich  August"
24,"Bennett,  William  Sterndale"
25,"Meyerbeer,  Giacomo"
26,"Ries,  Ferdinand"
27,"Kreutzer,  Conradin"
28,"Cherubini,  Luigi"
29,"Mercadante,  Giuseppe  Saverio"
30,"Traditional,"
31,"Heller,  Stephen [István]"
32,"Mehul [Méhul],  Etienne  Nicolas"
33,"Loder,  George, Jr."
34,"Beriot,  Charles-Auguste  de"
35,"Reissiger,  Karl  Gottlieb"
36,"Furstenau,  Anton  Bernhard"
37,"Berlioz,  Hector"
38,"Verdi,  Giuseppe"
39,"Chopin,  Frédéric"
40,"Bristow,  George  Frederick"
41,"Hiller,  Ferdinand"
42,"Eisenhofer,  Franz  Xaver"
43,"Dussek,  Jan  Ladislav"
44,"Moscheles,  Ignaz"
45,"Lachner,  Franz"
46,"Gade,  Niels"
47,"Jacobi,  Frederick"
48,"Granz,  Norman"
49,"Schmitz,  Henry"
50,"Schumann,  Robert"
51,"Costa,  Sir  Michael"
52,"Nicholson,  Charles"
53,"Maurer,  Ludwig  Wilhelm"
54,"Benedict,  Jules"
55,"Fuchs,  H."
56,"Schubert,  Franz"
57,"David,  Ferdinand"
58,"Spontini,  Gasparo"
59,"Heinemeyer,  Ernst  Wilhelm"
60,"Dancla,  Jean  Charles"
61,"Wallace,  William  Vincent"
62,"Litolff,  Henry  Charles"
63,"Kalkbrenner,  Friedrich [Frédéric]"
64,"Haase,  Carl  F.W."
65,"Abt,  Franz"
66,"Gumbert,  Friedrich  Adolf"
67,"Paganini,  Nicolò"
68,"Fesca,  Alexander  (Ernst)"
69,"Lobe,  Johann  Christian"
70,"Mason,  William"
71,"Gockel,  August"
72,"Bordese,  Luigi"
73,"Parish-Alvars,  Elias"
74,"Handel,  George  Frideric"
75,"Lortzing,  Albert"
76,"Schneider,  Johann  C. Friedrich"
77,"Baumann,  F."
78,"Eisfeld,  Theodore"
79,"Sainton,  Prosper"
80,"Schreiber,  Louis"
81,"Wagner,  Richard"
82,"Mollenhauer,  Friedrich"
83,"Gluck,  Christoph  Willibald"
84,"Dessauer,  Josef"
85,"Goldbeck,  Robert"
86,"Rode,  Jacques  Pierre Joseph"
87,"Henselt,  Adolf  Von"
88,"Gottschalk,  Louis  Moreau"
89,"Schindelmeisser,  Ludwig"
90,"Ernst,  Heinrich  Wilhelm"
91,"Rietz,  Julius"
92,"Goltermann,  Georg  Eduard"
93,"Servais,  Adrien  Francois"
94,"Nicolai,  Otto"
95,"Topliffe,"
96,"Field,  John"
97,"Rubinstein,  Anton"
98,"Liszt,  Franz"
99,"Arne,  Thomas"
100,"Napoleon,  Arthur"
101,"Stigelli,  Giorgio"
102,"Satter,  Gustave"
103,"Auber,  Daniel-François"
104,"Haertel,  A."
105,"Kummer,  Friedrich  August"
106,"Mollenhauer,  Edward"
107,"Tedesco,  Ignaz  Amadeus"
108,"Lubeck,  Ernst"
109,"Saar,  Wiiliam"
110,"Lucas,"
111,"Shaw,  David  T."
112,"Wallace,"
113,"Hopkins,  Charles  Jerome"
114,"Otten,  William  F."
115,"Mills,  Sebastian  Bach"
116,"Verzano,"
117,"Anthem,"
118,"Stradella,  Alessandro"
119,"Brahms,  Johannes"
120,"Neukirchner,  Wenzel"
121,"Lipinsky,  Karl  Joseph"
122,"Bach,  Johann  Sebastian"
123,"Clapisson,  Antoine  Louis"
124,"Bergner,  Frederick"
125,"Gounod,  Charles"
126,"Artot,  Alexandre"
127,"Esser,  Heinrich"
128,"Evers,  Carl"
129,"Flotow,  Friedrich  Von"
130,"Hohnstock,  Carl"
131,"Ritter,  Frederic  Louis"
132,"Alard,  Jean  Delphin"
133,"Palestrina,  Giovanni  Da"
134,"Bargiel,  Woldemar"
135,"Prume,  Jehin"
136,"Wehli,  James  M."
137,"Burgmuller,  Norbert"
138,"Volkmann,  Friedrich  Robert"
139,"Bruch,  Max"
140,"Veit,  Wenzel  Heinrich"
141,"Kinkel,  Johanna"
142,"Catel,  Charles  Simon"
143,"Bull,  Ole"
144,"Rizzo,  Giovanni  Battista [Riccio]"
145,"Raff,  Joachim"
146,"Goldmark,  Karl"
147,"Bergmann,  Carl"
148,"Reinecke,  Carl"
149,"Dachauer,  Louis"
150,"Heinefetter,  Wilhelm"
151,"Boieldieu,  François-Adrien"
152,"Frey,  M."
153,"Erdmannsdorfer,  Max  Von"
154,"Pinsoti,"
155,"Matzka,  George"
156,"Grimm,  Julius  Otto"
157,"Dietrich,  Albert  Hermann"
158,"Lassen,  Eduard"
159,"Damrosch,  Leopold"
160,"Bulow,  Hans  Von"
161,"Pfeffer,  Walter"
162,"Metzdorff,  Richard"
163,"Tchaikovsky,  Pyotr  Ilyich"
164,"Rameau,  Jean-Philippe"
165,"Leschetizky,  Theodor"
166,"Saint-Saens [Saint-Saëns],  Camille"
167,"Fuchs,  Robert"
168,"Bronsart,  Hans  Von"
169,"Wilhelmj,  August  Daniel Ferdinand"
170,"Svendsen,  Johan"
171,"Glinka,  Mikhail"
172,"Grieg,  Edvard"
173,"Sarasate,  Pablo  de"
174,"Bazzini,  Antonio"
175,"Boccherini,  Luigi"
176,"Soderman [Söderman],  August"
177,"Pergolesi,  Giovanni  Battista"
178,"Scharwenka,  Franz  Xaver"
179,"Brull,  Ignaz"
180,"Kiel,  Friedrich"
181,"Curschmann,  Karl  Friedrich"
182,"Schumann,  Clara"
183,"Franz,  Robert"
184,"Bruckler,  Hugo"
185,"Jommelli,  Niccolò"
186,"Reinhold,  Hugo"
187,"Bizet,  Georges"
188,"Fischer,  Adolf"
189,"Dvorak,  Antonín"
190,"Rossi,  Francesco"
191,"Rheinberger,  Joseph"
192,"Huber,  Hans"
193,"Goetz,  Hermann"
194,"Cowen,  Sir  Frederic  Hymen"
195,"Lotti,  Antonio"
196,"Gradener [Grädener],  Hermann"
197,"Thomas,  Ambroise"
198,"Mackenzie,  Alexander  C."
199,"Tartini,  Giuseppe"
200,"Widor,  Charles  Marie"
201,"Henschel,  Sir  George"
202,"Stanford,  Sir  Charles  Villiers"
203,"Molique,  Wilhelm  Bernhard"
204,"Massenet,  Jules"
205,"Strauss,  Richard"
206,"Nicode [Nicodé],  Jean  Louis"
207,"Draeseke,  Felix"
208,"Wieniawski,  Henri"
209,"Krug,  Arnold"
210,"Bruckner,  Anton"
211,"Lalo,  Edouard"
212,"Scholz,  Bernhard  E."
213,"Bird,  Arthur"
214,"Hartmann,"
215,"Herbert,  Victor"
216,"Gretry [Grétry],  Andre [André]  Ernest Modeste"
217,"Franchetti,  Baron  Alberto"
218,"D'Albert,  Eugen"
219,"Smetana,  Bedrich"
220,"Reyer,  Ernest"
221,"Paine,  John  Knowles"
222,"Lassus,  Orlande  De"
223,"Moszkowski,  Moritz"
224,"Burmeister,  Richard"
225,"Joachim,  Joseph"
226,"Delibes,  Léo"
227,"Chaminade,  Cécile"
228,"Bemberg,  Herman"
229,"Jensen,  Adolf"
230,"Schutz,  Heinrich"
231,"Damrosch,  Walter"
232,"Scharwenka,  Philipp"
233,"Koch,  Friedrich  E."
234,"Beach,  Amy"
235,"Gilson,  Paul"
236,"Godard,  Benjamin"
237,"Klughardt,  August"
238,"Strong,  George  Templeton"
239,"Parry,  Sir  Charles  Hubert H."
240,"Korbray,  Francis  Alexander"
241,"Sinding,  Christian"
242,"Somervell,  Sir  Arthur"
243,"Cornelius,  Peter"
244,"Haynes,  Walter  Battison"
245,"Humperdinck,  Engelbert"
246,"MacDowell,  Edward  A."
247,"Rudorff,  Ernst"
248,"Martini,  Giovanni  Battista"
249,"Paderewski,  Ignacy  Jan"
250,"Schillings,  Max  Von"
251,"Chadwick,  George  Whitefield"
252,"Lamond,  Frederic"
253,"Elgar,  Sir  Edward"
254,"Morley,  Thomas"
255,"Sullivan,  Sir  Arthur  Seymour"
256,"Rucken,"
257,"Storck,"
258,"Strauss,  Josef"
259,"Wood,  Mary  Knight"
260,"Leoncavallo,  Ruggero"
261,"Kelley,  Edgar  Stillman"
262,"Arditi,  Luigi"
263,"Schytte,  Ludvig"
264,"Guilmant,  Alexander"
265,"Zoellner,  Heinrich"
266,"Sieveking,  Martinus"
267,"Brockway,  Howard"
268,"Borodin,  Alexander"
269,"Tosti,  Francesco  Paolo"
270,"Strauss,  Johann, II"
271,"Balfe,  Michael  William"
272,"Novacek,  Ottokar  (Eugen)"
273,"Wagner,  Siegfried"
274,"Glazunov,  Alexander"
275,"Huss,  Henry  Holden"
276,"Weingartner,  Felix"
277,"Dubois,  Theodore"
278,"Nevin,  Ethelbert"
279,"Charpentier,  Gustave"
280,"Calvisius,  Sethus"
281,"Praetorius,  Michael"
282,"Gruber,  Franz  Xaver"
283,"Foote,  Arthur"
284,"Van Der Stucken,  Frank"
285,"Alsneff,"
286,"Popper,  David"
287,"Saar,  Louis  Victor"
288,"Scarlatti,  Domenico"
289,"Guiraud,  Ernest"
290,"Bruneau,  Alfred"
291,"Suk,  Josef"
292,"Purcell,  Henry"
293,"Rimsky-Korsakov,  Nikolai"
294,"Loewe,  Johann  Carl"
295,"Parker,  Horatio"
296,"Vilbac,  Alphonse Charles Renaud  de"
297,"Thome [Thomé],  Francis"
298,"Chabrier,  Emmanuel"
299,"Bayer,  Joseph"
300,"Waldteufel,  Emil"
301,"Czibulka,  Alphons"
302,"Sousa,  John  Philip"
303,"Fahrbach,  Philipp"
304,"Ganne,  Louis"
305,"Ketterer,  Eugène"
306,"Musorgsky,  Modest"
307,"Ziehrer,  Carl  Michael"
308,"Franck,  César"
309,"Mascagni,  Pietro"
310,"Strauss,  Johann, Sr."
311,"Jessel,  Leon"
312,"Tcherepnin,  Nikolai"
313,"Gillet,  Ernest"
314,"Suppe [Suppé],  Franz  Von"
315,"Lacombe,  Louis"
316,"Schenck,  Elliott"
317,"Keler-Bela [Kéler-Béla],"
318,"Oberthur,  Charles"
319,"Kretschmar,  Edmund"
320,"Pirani,  Eugenio  di"
321,"Blon,  Franz  von"
322,"Bendel,  Franz"
323,"Burckhardt,  J."
324,"Puccini,  Giacomo"
325,"Nesvadba,  Josef"
326,"Nessler,  Viktor  Ernst"
327,"Popp,"
328,"Johns,  Clayton"
329,"Gungl [Gung'l],  Joseph"
330,"Ries,  Franz"
331,"Westerhout,  Nicola  van"
332,"Bohm,  Carl"
333,"Ochs,  Siegfried"
334,"Kempter,  Lothar"
335,"Hausegger,  Siegmund  von"
336,"Hadley,  Henry  Kimball"
337,"Sibelius,  Jean"
338,"Caetani,  Roffredo"
339,"Monsigny,  Pierre  Alexandre"
340,"Pfeiffer,  Georges  Jean"
341,"Perilhou,  Albert"
342,"Hegner,  Anton"
343,"Thomas,  Arthur  Goring"
344,"Von Blon,  Franz"
345,"Schumann,  Georg"
346,"Klein,  Bruno  Oscar"
347,"Artsibushev,  Nikolai  Vassilievitch"
348,"Vitols,  Jazeps"
349,"Lyadov,  Anatoli"
350,"Sokolov,  Nikolai  Alexandrovich"
351,"Unknown,"
352,"Bassani,  Giovanni  Battista"
353,"Duparc,  Henri"
354,"Mahler,  Gustav"
355,"Friml,  Rudolf"
356,"Improvisation,"
357,"Lully,  Jean  Baptiste"
358,"Hofmann,  Josef"
359,"Debussy,  Claude"
360,"Sgambati,  Giovanni"
361,"Chausson,  Ernest"
362,"Roentgen [Röntgen],  Julius"
363,"Wolf,  Hugo"
364,"Ysaye,  Eugène"
365,"Giordano,  Umberto"
366,"Eckert,  Karl"
367,"Indy,  Vincent  d'"
368,"Vidal,  Paul  Antonin"
369,"Jongen,  Joseph"
370,"Loeffler,  Charles  Martin"
371,"De Fontenailles,  Henri"
372,"Wekerlin,  Jean-Baptiste"
373,"Boellmann,  Leon"
374,"Weber-Berlioz,"
375,"Lindner,  August"
376,"Demantius,  Christoph"
377,"Louis XIII,"
378,"Converse,  Frederick  S."
379,"German,  Edward"
380,"Reznicek,  Emil  Nikolaus von"
381,"Lyapunov,  Sergius  Mikhailovich"
382,"Scriabin,  Alexander"
383,"Kreisler,  Fritz"
384,"Metzl,  Vladimir"
385,"Folk Song,"
386,"Lvov,  Alexey"
387,"Schelling,  Ernest"
388,"Stewart,  Humphrey  J."
389,"Faure [Fauré],  Gabriel-Urbain"
390,"Pierne [Pierné],  Gabriel"
391,"Wolff,"
392,"Glaassen,  A."
393,"Wengert,  Jules"
394,"Pache,  J."
395,"Unspecified,"
396,"Stahlberg,  Fritz"
397,"Quilter,  Roger"
398,"Ravel,  Maurice"
399,"Dukas,  Paul"
400,"Rachmaninoff,  Sergei"
401,"Victoria,  Tomás  Luis de"
402,"Arcadelt,  Jacques"
403,"Sweelinck,  Jan  Pieterszoon"
404,"Vecchi,  Orazio"
405,"Gretchaninoff,  Alexander"
406,"Scudrei,  Salvatore"
407,"Giordani,  Giuseppe"
408,"Fiedler,  Max"
409,"Bull,  John"
410,"Farnaby,  Giles"
411,"Busoni,  Ferruccio"
412,"Durante,  Francesco"
413,"Schreck,  Gustav"
414,"Pluddemann,"
415,"Pfitzner,  Hans"
416,"Delius,  Frederick"
417,"Stock,  Frederick  A."
418,"Kaun,  Hugo"
419,"Wade,  John  Francis"
420,"Corner,  Dr.  David  Gregor"
421,"Redner,  Lewis"
422,"Enesco,  Georges"
423,"Spross,  Charles  Gilbert"
424,"Cadman,  Charles  Wakefield"
425,"Sinigaglia,  Leone"
426,"Martucci,  Giuseppe"
427,"Bossi,  Marco  Enrico"
428,"Kolar,  Victor"
429,"Stojowski,  Sigismond"
430,"Tinel,  Edgar"
431,"Laucella,  Nicola"
432,"Stange,  Max"
433,"Gevaert,  François-Auguste"
434,"Othegraven,  August  von"
435,"Schjelderup,  Gerhard"
436,"Van Der Pals,  Leopold"
437,"Fibich,  Zdenko"
438,"Tertius-Noble,  Thomas"
439,"Pointer,  John"
440,"Broome,  Edward"
441,"Witt,  Friedrich"
442,"Reger,  Max"
443,"Thuille,  Ludwig"
444,"Boyle,  George  Frederick"
445,"Vivaldi,  Antonio"
446,"Wolf-Ferrari,  Ermanno"
447,"Nowowiejski,  Felix"
448,"Hue [Huë],  Georges  Adolphe"
449,"Ritter,  Alexander"
450,"Coleridge-Taylor,  Samuel"
451,"Esposito,  Michele"
452,"Clay,  Spencer"
453,"Marshall,  Charles"
454,"Graener,  Paul"
455,"Korngold,  Erich"
456,"Leclair,  Jean  Marie"
457,"Gernsheim,  Friedrich"
458,"Viotti,  Giovanni  Battista"
459,"Caccini,  Giulio"
460,"Philidor,  Francois-Andre"
461,"Brown,  Wilson"
462,"Lie,  Sigurd"
463,"Glibert,"
464,"La Forge,  Frank"
465,"Stransky,  Josef"
466,"Lange,"
467,"Schulz,  Leo"
468,"Hughes,  Herbert"
469,"VARIOUS,"
470,"Ambrose,  Paul"
471,"Manney,  Charles  Fonteyn"
472,"Rathbone,  George"
473,"Gardiner,  Henry  Balfour"
474,"Alcock,  Gilbert"
475,"Knight,  G.  H."
476,"Fanelli,  Ernest"
477,"Halevy [Halévy],  Fromental"
478,"Gilbert,  Henry  F."
479,"Humiston,  William  Henry"
480,"Dalayrac,  Nicolas-Marie"
481,"Dykes,  John  Bacchus"
482,"Zandonai,  Riccardo"
483,"Harris,  Joel  Chandler"
484,"Coolidge,  Elizabeth  Sprague"
485,"Rickett,  Edmond"
486,"Ingraham,  George"
487,"Lekeu,  Guillaume"
488,"Bantock,  Granville"
489,"Jarnefelt [Järnefelt],  Armas"
490,"Roger-Ducasse,  Jean"
491,"Ropartz,  Joseph  Guy"
492,"Lang,  Margaret  R."
493,"Demonstration,"
494,"Fleck,  Fritz"
495,"Noren,  Heinrich  Gottlieb"
496,"Romberg,  Sigmund"
497,"Green,  Arthur  N."
498,"Costa,  G."
499,"Secchi,  Antonio"
500,"Koechlin,  Charles"
501,"Offenbach,  Jacques"
502,"Rubetz,  A.  T."
503,"Grainger,  Percy"
504,"Roussel,  Albert"
505,"Stravinsky,  Igor"
506,"Monteverdi,  Claudio"
507,"Bungert,  August"
508,"Schmitt,  Florent"
509,"Sullivan,  Archibald  Beresford"
510,"Sendrey,  Alfred"
511,"Bruhns,  Arthur"
512,"Falck,  Edward"
513,"Peel,"
514,"Barrere [Barrère],  Georges"
515,"Caplet,  Andre [André]"
516,"Kjerulf,  Halfdan"
517,"Kahn,  Robert"
518,"Burck,  Henry"
519,"Wolff,  Eric"
520,"Hermann,  Hans"
521,"Rummel,  Walter  Morse"
522,"Neidlinger,  William  Harold"
523,"Wells,  John  Barnes"
524,"Brewer,  Sir  Alfred  Herbert"
525,"Carpenter,  John  Alden"
526,"Hinton,  Arthur"
527,"Lieurance,  Thurlow"
528,"Rogers,  James  H."
529,"Mayseder,  Joseph"
530,"Maryon,  Edward"
531,"Schoenberg,  Arnold"
532,"Dargomiszky,  Alexander"
533,"Aubert,  Louis"
534,"Barnaby,  Gunn"
535,"Adam,  Adolphe  Charles"
536,"Godowsky,  Leopold"
537,"Severn,  Edmund"
538,"Campbell-Tipton,  Louis"
539,"Scott,  Cyril"
540,"Mason,  Daniel  Gregory"
541,"Bingham,  Seth"
542,"Kalinnikov,  Vassili"
543,"Smith,  David  Stanley"
544,"Horsman,  Edward  Imeson, Jr."
545,"Lehmann,  Liza"
546,"Sharp,  Earl  Cranston"
547,"Horn,  Charles  Edward"
548,"Lange,  Samuel  de, Jr."
549,"Kramer,  Alex  Walter"
550,"Taylor,  Deems"
551,"Merikanto,  Oskar"
552,"Palmgren,  Selim"
553,"Riedel,  Karl  Heinrich"
554,"Wilbye,  John"
555,"Battishill,  Jonathan"
556,"Ponchielli,  Amilcare"
557,"Ivanovici,  Ion"
558,"Johnstone,  Maurice"
559,"Loomis,  Harvey  Worthington"
560,"Rogers,  Frederic"
561,"Burleigh,  Henry [Harry]  Thacker"
562,"Clough-Leighter,  Henry"
563,"Floridia,  Pietro"
564,"Fletcher,  Percy"
565,"Ware,  Harriet"
566,"Lohr [Löhr],  Herman"
567,"Salter,"
568,"Mollison,"
569,"Russell,"
570,"Leroux,  Xavier  Henry Napoleon"
571,"Granados,  Enrique"
572,"Sibella,  Gabrielle"
573,"Rabaud,  Henri"
574,"Zimbalist,  Efrem"
575,"Hegar,  Friedrich"
576,"Reinthaler,  Karl"
577,"Mair,  Franz"
578,"Elsenheimer,  N.  J."
579,"Goldmark,  Rubin"
580,"Vogrich,  Max  Wilhelm Karl"
581,"David,  Felicien  Cesar"
582,"Georges,  Alexandre"
583,"Otterstrom,  Thorvald"
584,"McCabe,  James  J."
585,"Woodman,  Raymond  Huntington"
586,"Steffe,  William"
587,"Foster,  Stephen  Collins"
588,"Homer,  Sidney"
589,"Stokowski,  Leopold"
590,"Osgood,  James  R."
591,"Bridge,  Frank"
592,"Hubay,  Jeno"
593,"Whithorne,  Emerson"
594,"Bloch,  Ernest"
595,"Redhead,  Richard"
596,"Stillman-Kelley,  Edgar"
597,"Fourdrain,  Félix  Alfred"
598,"Arensky,  Anton  Stepanovich"
599,"Mana Zucca,"
600,"McFadyen,"
601,"Sans Souci,  Gertrude"
602,"Chiaffarelli,  Albert"
603,"Hill,  Edward  Burlingame"
604,"Sowerby,  Leo"
605,"Dvorsky,  Michel"
606,"Smith,  John  Stafford"
607,"Lisle,  Claude-Joseph  R. De"
608,"Greef,  Arthur  De"
609,"Geral,"
610,"Wilson,  Mortimer"
611,"Messager,  Andre [André]  Charles Prosper"
612,"Ippolitov-Ivanov,  Mikhail"
613,"Bourk,  Richard  C."
614,"Sabata,  Victor  De"
615,"Sweet,  Reginald"
616,"Boulanger,  Lili"
617,"Lorenziti,  Bernard"
618,"Strube,  Gustav"
619,"Borowski,  Felix"
620,"Casella,  Alfredo"
621,"Mouquet,  Jules"
622,"Respighi,  Ottorino"
623,"Powell,  John"
624,"Ganz,  Rudolph"
625,"Morris,  Harold"
626,"Cutler,  Henry  Stephen"
627,"Benoit,  Peter"
628,"Bartok [Bartók],  Béla"
629,"Dupont,  Gabriel"
630,"Rogers,  Bernard"
631,"McKinley,  Carl"
632,"Turina,  Joaquin"
633,"Novak,  Vitezslav"
634,"Griffes,  Charles  Tomlinson"
635,"Pierce,  Seneca"
636,"Hageman,  Richard"
637,"Lazzari,  Sylvio"
638,"Steinberg,  Maximilian"
639,"Maxwell,  Elsa"
640,"Speaks,  Oley"
641,"X,  Alfonso"
642,"Boito,  Arrigo"
643,"Riesenfeld,  Hugo"
644,"Tommasini,  Vincenzo"
645,"Albeniz [Albéniz],  Isaac"
646,"Maloof,  A."
647,"Sachnowsky,  G."
648,"Lieber,  Arthur"
649,"Malipiero,  Gian  Francesco"
650,"Kekeu,"
651,"Alfven [Alfvén],  Hugo"
652,"Gliere [Glière],  Reinhold"
653,"Vaughan Williams,  Ralph"
654,"Labate,  Bruno"
655,"Yon,  Pietro  Alessandro"
656,"Grant,"
657,"O'Hara,  Geoffrey"
658,"Parbury,"
659,"Wagenaar,  Johan"
660,"Dohnanyi,  Erno  von"
661,"Corelli,  Arcangelo"
662,"Thrane,  Waldemar"
663,"Leoni,  Franco"
664,"Gruenberg,  Louis"
665,"Faccio,  Franco"
666,"Skilton,  Charles  Sanford"
667,"Berners,  Lord"
668,"Karlowicz,  Mieczyslaw"
669,"Lalande,  Michel-Richard  De"
670,"Le Flem,  Paul"
671,"Holst,  Gustav"
672,"Williams,  John  Gerard"
673,"Prokofiev,  Sergei"
674,"Philippe,"
675,"Hammond,  William  G."
676,"Goossens,  Eugene"
677,"Leginska,  Ethel"
678,"Vittoria,  Tomasso"
679,"Kallinnikof,  Ivanof"
680,"Waddington,  Samuel  P."
681,"Rogers,"
682,"Pizzetti,  Ilderbando"
683,"Dopper,  Cornelius"
684,"Diepenbrock,  Alphons"
685,"Goudoever,  H.D.  van"
686,"Faning,  Eaton"
687,"Scalero,  Rosario"
688,"Mengelberg,  Willem"
689,"Watts,  Wintter"
690,"Dunham,  Henry  M."
691,"Hosmer,  Lucius"
692,"Breil,  Joseph  C."
693,"Halvorsen,  Johan"
694,"Luigini,  Alexandre"
695,"Dunn,  James  Philip"
696,"Langley,  Allan  Lincoln"
697,"Weiner,  Leo"
698,"Savine,  Alexander"
699,"Bach,  Carl  Philipp Emanuel"
700,"Fairchild,  Blair"
701,"Costeley,  Guillaume"
702,"Moya,  Antoni  Perez"
703,"Donostia,  Padre  (San Sebastian, P. Jose Antonio ne Zulaica)"
704,"Romen,  Louis"
705,"Buck,  Dudley"
706,"Wetzler,  Hermann  Hans"
707,"Anrooy,  Peter  G. Van"
708,"Burgmein,  J."
709,"Rebikov,  Vladimir  Ivanovich"
710,"Schreker,  Franz"
711,"Toch,  Ernst"
712,"Saminsky,  Lazare"
713,"Pick-Mangiagalli,  Riccardo"
714,"Kornauth,  Egon"
715,"Riegger,  Wallingford"
716,"Kidder,  Max"
717,"Reiser,  Alois"
718,"Novick,  Nathan"
719,"Marcelli,  Nino"
720,"Bach, J. S. -Gounod,"
721,"Scarlatti,  Alessandro"
722,"Dale,  Benjamin  James"
723,"Falla,  Manuel  de"
724,"Saboly,  Nicolas"
725,"Schroeder,  William"
726,"Geissel,  J."
727,"Becket,  Thomas  A."
728,"Hanson,  Howard"
729,"Casadesus,  Robert"
730,"Schuecker,  Edmund"
731,"Bellison,  Simeon"
732,"Gallico,  Paolo"
733,"Andreae,  Volkmar"
734,"Mengelberg,  Rudolf"
735,"Stoessel,  Albert"
736,"Schreiner,  Alexander"
737,"Komzak,  Karl"
738,"Weismann,  Julius"
739,"Hellmesberger,  Joseph, Jr."
740,"Maganini,  Quinto"
741,"Honegger,  Arthur"
742,"Ballantine,  Edward"
743,"Luzzi,  Luigi"
744,"Lvovsky,"
745,"Telemann,  Georg  Philipp"
746,"Byrd,  William"
747,"Copland,  Aaron"
748,"Bottesini,  Giovanni"
749,"Bergson,  Michal"
750,"Ives,  Simon"
751,"Tcherepnin,  Alexander"
752,"Alvars,  Paris"
753,"Bach,  Johann  Christian"
754,"Braunfels,  Walter"
755,"Gardner,  Samuel"
756,"Tailleferre,  Germaine"
757,"Ilgenfritz,  McNair"
758,"Horst,  Louis"
759,"Mowrey,  Dent"
760,"Jonas,"
761,"Valverde,  Joaquin"
762,"Frey,  Hugo"
763,"Rieti,  Vittorio"
764,"Gebhard,  Heinrich"
765,"Tansman,  Alexandre"
766,"Poulenc,  Francis"
767,"Hindemith,  Paul"
768,"Gershwin,  George"
769,"Bax,  Sir  Arnold"
770,"Vivaldi-Bach,"
771,"Hasse,  Johann  Adolph"
772,"Valentini,  Giuseppe"
773,"Work,  Henry  Clay"
774,"Krenek,  Ernst"
775,"Gabriel-Marie,"
776,"Harling,  William  Franke"
777,"Drigo,  Riccardo"
778,"Rehfeld,"
779,"Harris,  Roy"
780,"Axt,  William"
781,"McCoy,  William  J."
782,"Collins,  Anthony"
783,"Delamarter,  Eric"
784,"Low,"
785,"Edelshtadt,"
786,"Raisin,  A."
787,"Shaeffer,  Joseph"
788,"Ibert,  Jacques"
789,"Wagenaar,  Bernard"
790,"Milhaud,  Darius"
791,"Szymanowski,  Karol"
792,"Zangius,  Nikolaus"
793,"Ives,  Charles"
794,"Gilmore,  Patrick  Sarsfield"
795,"Miaskovsky,  Nikolai"
796,"Janacek [Janácek],  Leoš"
797,"Certon,  Pierre"
798,"Abert,  Johann  Joseph"
799,"Luther,  Martin"
800,"Ward,  Samuel  Augustus"
801,"Alvarez,"
802,"Sonnett,"
803,"Tuerck,"
804,"Sturm-Biel,"
805,"Curti,"
806,"Spinelli,  Niccola"
807,"Ferroud,  Pierre  Octave"
808,"Mero,  Yolanda"
809,"Busch,  Adolf"
810,"Teschner,  Melchior"
811,"Kodaly [Kodály],  Zoltán"
812,"Brucken Fock,  Gerardus Hubertus Galenus  von"
813,"Striegler,  Kurt"
814,"Stearns,  Theodor"
815,"Kaminski,  Heinrich"
816,"Low,  Leo"
817,"Bensman,  M."
818,"Yasinowski,  P."
819,"Schaeffer,  J."
820,"Dubensky,  Arkady"
821,"Ehrenberg,  Carl  Emil Theodor"
822,"Nanino,  Giovanni  Maria"
823,"Darcieux,  Francisque"
824,"Ebeling,  Johann  Georg"
825,"Paisiello,  Giovanni"
826,"Geminiani,  Francesco"
827,"Phile,  Philip"
828,"Cui,  Cesar [César]"
829,"Halffter,  Ernesto"
830,"Espla [Esplá],  Oscar [Óscar]"
831,"Willis,  Wallis"
832,"Cimarosa,  Domenico"
833,"Lane,  Eastwood"
834,"Bowers,  Robert  Hood"
835,"Goublier,"
836,"Wachs,  Paul"
837,"Eilenberg,  Richard"
838,"Strickland,  Lily"
839,"Stoughton,  Roy  Spaulding"
840,"Bucharoff [Buchalter],  Simon"
841,"Cassado [Cassadò],  Gaspar"
842,"Atterberg,  Kurt"
843,"Berezowsky,  Nicolai"
844,"Mouret,  Jean  Joseph"
845,"Wolfe,  Jacques"
846,"Willson,  Meredith"
847,"Balakirev,  Mily  Alekseyevich"
848,"Coates,  Albert"
849,"Satie,  Erik"
850,"Fuleihan,  Anis"
851,"Bergé,  Irénée"
852,"Nevin,  Arthur"
853,"Schmidt,  Franz"
854,"Conus,  Jules"
855,"Paer,  Ferdinando"
856,"De Lamarter,  Eric"
857,"Clement [Clément],  Charles  Francois [François]"
858,"Castelnuovo-Tedesco,  Mario"
859,"Guion,  David  Wendel F."
860,"Janssen,  Werner"
861,"Riegel,  Heinrich  Joseph"
862,"Weinberger,  Jaromir"
863,"Reed,  William  Henry"
864,"Lachau,  Countess  Ada  de"
865,"Cohen,  Sol  B"
866,"Grunn,  Homer"
867,"Nerini,  Emile"
868,"Bach,  Wilhelm  Friedemann"
869,"Joslyn,  Henry"
870,"Maduro,  Charles"
871,"Berg,  Alban"
872,"Stolzel [Stölzel],  Gottfried  Heinrich"
873,"Lopatnikoff,  Nikolai"
874,"Gibbons,  Orlando"
875,"Destouches,  Andre  Cardinal"
876,"Noskowski,  Sigismund"
877,"Sammartini,  Giovanni  B."
878,"Chasins,  Abram"
879,"Shostakovich,  Dmitri"
880,"Bland,  James"
881,"Cella,  Theodore"
882,"Bennett,  Robert  Russell"
883,"Lincke,  Paul"
884,"Hively,  Wells"
885,"Stoughton,  Roy"
886,"Strauss,  Johann, Jr. & Josef"
887,"Eichheim,  Henry"
888,"Farley,  Roland"
889,"Corby,  Mabelanna"
890,"Cook,  Will  Marion"
891,"Kern,  Jerome"
892,"Handy,  William  Christopher"
893,"Johnson,  Hall"
894,"Tiomkin,  Dimitri"
895,"Bishop,  Sir  Henry  Rowley"
896,"Valerius,  Adriaen"
897,"Jensen,  Ludwig  Irgens"
898,"Moore,  Douglas  Stuart"
899,"Nin,  Joachin"
900,"Obradors,  Fernando"
901,"Ettinger,  Max"
902,"Hopkins,  John  Henry"
903,"Shepherd,  Arthur"
904,"Harty,  Hamilton"
905,"Weprik,  Alexander"
906,"Mosolov,  Alexander"
907,"James,  Philip"
908,"Braine,  Robert"
909,"Barnett,  David"
910,"Padilla,  José"
911,"Green,  John"
912,"Redman,  Donald  Matthew"
913,"Still,  William  Grant"
914,"Grofe [Grofé],  Ferde"
915,"Loeb,  John  Jacob"
916,"Ellington,  Duke"
917,"Humphrey,  Doris"
918,"Arlen,  Harold"
919,"Pimsleur,  Solomon"
920,"Levenson,  Boris"
921,"Rodriguez [Rodríguez],  Arsenio"
922,"Thompson,  Randall"
923,"Manfredini,  Francesco"
924,"Piston,  Walter"
925,"Sanders,  Robert  L."
926,"Franckenstein,  Clemens  Freiherr von und zu"
927,"Andersen,  Joachim"
928,"Blumer,  Theodore"
929,"Chavarri,  Eduardo  Lopez"
930,"Chavez [Chávez],  Carlos"
931,"Wiener,  Jean"
932,"Egk,  Werner"
933,"Gasco,  Alberto"
934,"Weill,  Kurt"
935,"Stringham,  Edwin  S."
936,"Sacchini,  Antonio"
937,"Barlow,  Samuel  Latham Mitchell"
938,"Noble,  T.  Tertius"
939,"Kelley,  Daniel"
940,"Barber,  Samuel"
941,"Sonzogno,  Giulio  Cesare"
942,"Palau Boix,  Manuel"
943,"Swift,  Kay"
944,"Dowland,  John"
945,"Sammartini,  Giuseppe"
946,"McBride,  Robert"
947,"Stamitz,  Carl"
948,"Gossec,  Francois  Joseph"
949,"Mozart,  Leopold"
950,"Piccinni,  Nicola"
951,"Smyth,  Ethel"
952,"Walton,  William"
953,"Boyce,  William"
954,"Butterworth,  George"
955,"Knecht,  Justin  Heinrich"
956,"Baerman,  Heinrich  Joseph"
957,"Pochon,  Alfred"
958,"Fiorillo,  Dante"
959,"Helfter,  Walter"
960,"Diamond,  Walter"
961,"Howe,  Mary"
962,"Kozeluch,  Leopold  Anton"
963,"Zilcher,  Hermann"
964,"Ruggles,  Carl"
965,"Martinu,  Bohuslav"
966,"Luening,  Otto"
967,"Spalding,  Albert"
968,"White,  Paul"
969,"Andre [André] ,  José"
970,"Curran,  Pearl"
971,"Del Riego,  Theresa  Clotilde"
972,"Kerby,  Paul"
973,"Espejo,  Cesar"
974,"Infante,  Manuel"
975,"Rosenmuller,  Johannes"
976,"Porter,  Quincy"
977,"Stamitz,  Johann  Wenzel Anton"
978,"Dittersdorf,  Karl  Von"
979,"Forsyth,  Cecil"
980,"Barbirolli,  John"
981,"Binet,  Jean"
982,"Jora,  Mihail"
983,"Otesco,  Nonna"
984,"Gabrieli,  Giovanni"
985,"Nordoff,  Paul"
986,"Mihalovici,  Marcel"
987,"Denza,  Luigi"
988,"Blanchet,  Emile  R."
989,"Stringfield,  Lamar"
990,"McDonald,  Harl"
991,"Acqua,  Eva dell'"
992,"Soler,  Padre"
993,"Fuerst,  Eugene"
994,"Dinicu,  Grigoras"
995,"Vitali,  Giovanni  Battista"
996,"Farwell,  Arthur"
997,"Kerr,  Harrison"
998,"Zachow,  Friedrich  Wilhelm"
999,"Johnson,  Horace"
1000,"Josten,  Werner"
1001,"Read,  Gardner"
1002,"Gomes,  Antonio  Carlos"
1003,"Achron,  Isidor"
1004,"Daniels,  Mabel  Wheeler"
1005,"Koussevitzky,  Serge"
1006,"Gibilaro,  Alfonso"
1007,"Kremser,  Eduard"
1008,"Camilieri,  Lorenzo"
1009,"Alessandresco,  Alfred"
1010,"Golestan,  Stan"
1011,"Rogalski,  Theodor"
1012,"Andrico,  Michel  G."
1013,"Glantz,  Harry"
1014,"Bell,  William  Henry"
1015,"Ireland,  John"
1016,"Gilardi,  Girado"
1017,"Fitelberg,  Jerzy"
1018,"Moniuszko,  Stanislaw"
1019,"Rybicki,  Wojciech"
1020,"Blose,  Johann  M"
1021,"Biber,  Heinrich von"
1022,"Rossellini,  Renzo"
1023,"Rosenthal,  Moritz"
1024,"Schafer,  Dirk"
1025,"Gutman,  Arthur  H"
1026,"Gould,  Morton"
1027,"Schoenherr,  Max"
1028,"Lehar [Lehár],  Franz"
1029,"Kearney,  Peadar"
1030,"Glover,  Charles  William"
1031,"Diamond,  David"
1032,"Pillois,  Jacques"
1033,"Gregorian Chant,"
1034,"Haubiel,  Charles"
1035,"Warlock,  Peter"
1036,"Vactor,  David  Van"
1037,"Salzedo,  Carlos"
1038,"Dragoi,  Sabin  V(asile)"
1039,"Lipatti,  Dinu"
1040,"Szalowski,  Antoni"
1041,"Francaix [Françaix],  Jean"
1042,"Bonner,  Eugene  MacDonald"
1043,"Cesana,  Otto"
1044,"Reissiger,  Friedrich  August"
1045,"Alnaes,  Eyvind"
1046,"Johansen,  David  Monrad"
1047,"Wiechowicz,  Stanislaw"
1048,"Mignone,  Francisco"
1049,"Burle Marx,  Walter"
1050,"Villa-Lobos,  Heitor"
1051,"Fernandez [Fernândez],  Oscar  Lorenzo"
1052,"Perlea,  Jonel"
1053,"Martin,  Frank"
1054,"Beck,  Conrad"
1055,"Doret,  Gustave"
1056,"Bliss,  Arthur"
1057,"Catalani,  Alfredo"
1058,"Schuman,  William"
1059,"Britten,  Benjamin"
1060,"Dell'Acqua,  Eva"
1061,"Aguirre,  Julián"
1062,"Cailliet,  Lucien"
1063,"Zemachson,  Arnold"
1064,"Brun,  Fritz"
1065,"Spendiaryan,  Alexander"
1066,"Kalman [Kálmán],  Emmerich"
1067,"Marcello,  Benedetto"
1068,"Muller,  Wenzel"
1069,"Zador,  Eugen"
1070,"Kurthy,  Zoltan"
1071,"Herrmann,  Bernard"
1072,"Robinson,  Earl"
1073,"Giannini,  Vittorio"
1074,"Garcia-Estrada,"
1075,"Troiani-Bandini,"
1076,"Lopez-Buchardo,"
1077,"Oyanguren,  Julio  Martinez"
1078,"Tarrega,  Francisco"
1079,"Ugarte,  Floro  M(elitón)"
1080,"Hummel,  Ferdinand  B."
1081,"Becker,  John  J."
1082,"Spier,  La Salle"
1083,"Cowell,  Henry  Dixon"
1084,"Klemperer,  Otto"
1085,"Templeton,  Alec"
1086,"Babin,  Victor"
1087,"Bolzoni,  Giovanni"
1088,"Woltmann,  Frederick"
1089,"Zemlinsky,  Alexander"
1090,"Nabokov,  Nicolas"
1091,"Verrall,  John"
1092,"Stolz,  Robert"
1093,"Straus,  Oscar"
1094,"Holborne,  Anthony"
1095,"Portnoff,  Mischa"
1096,"Montemezzi,  Italo"
1097,"Naginski,  Charles"
1098,"Benjamin,  Arthur"
1099,"Sanjuan,  Pedro"
1100,"Creston,  Paul"
1101,"Lamonte de Grignon,  Joan"
1102,"Davies,  Sir  Walford"
1103,"Basie,  Count"
1104,"Sauter,  Eddie"
1105,"Sampson,  Edgar"
1106,"Prima,  Louis"
1107,"Baxter,  Phil"
1108,"Green,  Johnny"
1109,"Williams,  Mary Lou"
1110,"Alabieff,  Alexander"
1111,"Poldini,  Ede"
1112,"Adler,  Larry"
1113,"Katscher,  Robert"
1114,"Lee,  Dai-Keong"
1115,"Bayly,  Thomas  Haynes"
1116,"Larsson,  Lars  Erik"
1117,"Thomson,  Virgil"
1118,"Hasselmans,  Alphonse  Jean"
1119,"Zabel,  Albert  Heinrich"
1120,"Menotti,  Gian  Carlo"
1121,"Mathieu,  Andre"
1122,"Haufrecht,  Herbert"
1123,"Mohaupt,  Richard"
1124,"Vitali,  Tomaso  Antonio"
1125,"Weisgall,  Hugo"
1126,"Vosgerchien,  Luise"
1127,"Gooch,  William"
1128,"Dodworth,  Allen"
1129,"Sapp,  Allen  D."
1130,"Grunfeld [Gruenfeld],  Alfred"
1131,"Khachaturian,  Aram"
1132,"Stor,  Jean"
1133,"Brant,  Henry"
1134,"Garat,  Pierre"
1135,"Khrennikov,  Tikhon"
1136,"Cooley,  Carlton"
1137,"Elwell,  Herbert"
1138,"Harline,  Leigh"
1139,"Semmler,  Alexander"
1140,"Poot,  Marcel"
1141,"Enthoven,  Henri  Emile"
1142,"Tuthill,  Burnet"
1143,"Iturbi,  Jose"
1144,"Caturla,  Alejandro  García"
1145,"Barroso,  Ary"
1146,"Tavares,  Hekel"
1147,"Nassara-Barroso,"
1148,"Bate,  Stanley"
1149,"Violette,  Wesley  La"
1150,"Couperin,  Francois [François]"
1151,"Kabalevsky,  Dmitri"
1152,"Zimmerman,  Charles  A."
1153,"Golde,  Walter"
1154,"Crist,  Bainbridge"
1155,"Leonard,  Clair"
1156,"Kennan,  Kent"
1157,"Bacon,  Ernst"
1158,"Porter,  Cole"
1159,"Carmichael,  Hoagy"
1160,"Sieczynski,  Rudolf"
1161,"Benatzky,  Ralph"
1162,"Lessner,  George"
1163,"Borguno,  A."
1164,"Navarro,"
1165,"Breton,  Tomás"
1166,"Font,  M."
1167,"Proch,  Heinrich"
1168,"Farnon,  Robert  J."
1169,"Mueller,  Florian  F."
1170,"Steiner,  Max"
1171,"Newman,  Alfred"
1172,"Young,  Victor"
1173,"Schwartz,  Arthur"
1174,"Heusen,  James Van"
1175,"Ganin,  Kim"
1176,"Altman,  Arthur"
1177,"Warren,  Harry"
1178,"Whiting,  Richard"
1179,"Rozsa [Rózsa],  Miklós"
1180,"Hill,  Patty  and Mildred"
1181,"Gritton,  Eric"
1182,"Duke,  Vernon"
1183,"Coates,  Eric"
1184,"Rathaus,  Karol"
1185,"Guarnieri,  Camargo"
1186,"Beckett,  Wheeler"
1187,"Campra,  Andre"
1188,"Strimer,  Joseph"
1189,"Lutkin,  Peter  Christian"
1190,"Bernstein,  Leonard"
1191,"Labunski,  Felix"
1192,"Moross,  Jerome"
1193,"Verley,  Albert"
1194,"Tchesnokoff,  Pavel"
1195,"Knipper,  Lev"
1196,"Kay,  Ulysses  Simpson"
1197,"Blitzstein,  Marc"
1198,"Gotovak,  Jakov"
1199,"Tajtchevitch,  Marko"
1200,"Malotte,  Albert  Hay"
1201,"Phillips,  Burrill"
1202,"Schenk,  Robert  C."
1203,"Cohan,  George  Michael"
1204,"Wagner,  Joseph"
1205,"Clementi,  Muzio"
1206,"Wooldridge,  John"
1207,"Foss,  Lukas"
1208,"Meck,  Josef"
1209,"Kirnberger,  Johann  Philipp"
1210,"Benda,  Friedrich  Ludwig"
1211,"Haydn,  Michael"
1212,"Joseph I,"
1213,"Boehm,  Georg"
1214,"Menasce,  Jacques  De"
1215,"Klenner,  John"
1216,"Serly,  Tibor"
1217,"Kreutz,  Arthur"
1218,"Mennin,  Peter"
1219,"Schuyler,  Philippa  Duke"
1220,"Earle,  Edward"
1221,"Rodgers,  Richard"
1222,"Listov,  K."
1223,"Simon,  Nat"
1224,"Rose,  David"
1225,"Wright,  Robert"
1226,"Perez-Freire,  Osman"
1227,"Goodman,  Al"
1228,"Arndt,  Felix"
1229,"Berlin,  Irving"
1230,"Ruiz,  Gabriel"
1231,"Styne,  Jule"
1232,"Turlet,  A."
1233,"Tierney,  Harry"
1234,"Ravina,"
1235,"Pugni,  Cesare"
1236,"Malats,  Joaquin"
1237,"Eysler,  Edmund"
1238,"Lorenz,  Carl"
1239,"Goldman,  Edwin  Franko"
1240,"Adair,  Dorothy  W."
1241,"Bergsma,  William"
1242,"Barrymore,  Lionel"
1243,"Amanuensis,  A.  N."
1244,"Murray,  Lyn"
1245,"Scott,  Raymond"
1246,"Warnow,  Mark"
1247,"Anderson,  Paquita"
1248,"Andre,"
1249,"Gogliano,"
1250,"Saperton,  David"
1251,"Grever,  Maria"
1252,"Lara,  Agustín"
1253,"Freire,  Osman  Perez"
1254,"Lara,  Manuel  Manrique De"
1255,"Tucci,  Terig"
1256,"Lecuona,  Ernesto"
1257,"Penella,  Manuel"
1258,"Chueca,  Federico"
1259,"Larregla,  Joaquin"
1260,"Guizar,  Pepe"
1261,"Vallejo,"
1262,"Don Alfonso-Carriola,"
1263,"Gillis,  Don"
1264,"Veracini,  Francesco  Maria"
1265,"Kosakoff,  Reuven"
1266,"Bellini,  Renato"
1267,"Stix,  Carl"
1268,"Rangstrom,  Ture"
1269,"Napravnik (Nápravník),  Eduard  Frantsovitch"
1270,"Bodge,"
1271,"Clarke,  Robert  Coningsby"
1272,"Rolla,  Allesandro"
1273,"Nero,  Paul"
1274,"Ronald,  Langdon"
1275,"Addinsell,  Richard"
1276,"Tarenghi,  Mario"
1277,"Rose,  Peter de"
1278,"MacHugh,  Jimmy"
1279,"Youmans,  Vincent"
1280,"Meacham,  Frank  W."
1281,"Souvaine,  Henry"
1282,"Boskerck,  Francis Saltus  Van"
1283,"Mossman,  Ted"
1284,"D'Artega,  (Alfonso)"
1285,"Reddick,  William"
1286,"Manna Zucca,"
1287,"Eiger,"
1288,"Smith,  Robert  W"
1289,"Bettorini,"
1290,"De Curtis,  Ernesto"
1291,"Steiner,  George"
1292,"Charles,  Ernest"
1293,"Siegmeister,  Elie"
1294,"Shefter,  Bert"
1295,"Colombo,  Russ"
1296,"Anderson,  Leroy"
1297,"Blaine,  Ralph"
1298,"Griselle,  Thomas"
1299,"Layton,  Turner"
1300,"Baker,  Phil"
1301,"Kowal,  M"
1302,"Chemberdji,  Katya"
1303,"Miliutin,  Georgii Sergeevich"
1304,"Gade,  Jacob"
1305,"Conrad,  Con"
1306,"Lavalle,  Paul"
1307,"Berger,  Jean"
1308,"Canteloube,  Joseph"
1309,"Niles,  John  Jacob"
1310,"Antheil,  George"
1311,"Di Capua,  Rinaldo"
1312,"Curtis,  Ernesto Di"
1313,"Bachelet,  Alfred  (Georges)"
1314,"Frescobaldi,  Girolamo"
1315,"Heuberger,  Richard"
1316,"Mompou,  Frederic"
1317,"Hahn,  Reynaldo"
1318,"Anderson,  Florence"
1319,"DuPage,  Richard"
1320,"Senfl,  Ludwig"
1321,"Ratner,  Leonard"
1322,"Block,  Frederick"
1323,"Mackenna,  Carmela"
1324,"Bosmans,  Arturo"
1325,"Pinto,  Octavio"
1326,"Haggerty,  Richard"
1327,"Work,  John"
1328,"Benda,  Jirí (Georg)  Antonín (Anton)"
1329,"Guenther,  Felix"
1330,"Lucas,  Mary  Anderson"
1331,"Pisk,  Paul"
1332,"Jadassohn,  Salomon"
1333,"Szabo [Szabó],  Ferenc"
1334,"Mattfeld,  Julius"
1335,"Piket,  Frederick"
1336,"Wissmer,  Pierre"
1337,"Biloti,  Anton"
1338,"Rosenthal,  Manuel"
1339,"Rivier,  Jean"
1340,"Barraud,  Henri"
1341,"Dello Joio,  Norman"
1342,"Turner,  Godfrey"
1343,"Messiaen,  Olivier"
1344,"Sakovich,"
1345,"Hardelot,  Guy  d'"
1346,"Engel-Berger,  Willy"
1347,"Gargiulo,"
1348,"Bagley,  Edwin  Eugene"
1349,"Grave,  Maria"
1350,"Minkus,  Leon"
1351,"North,  Alex"
1352,"Hendl,  Walter"
1353,"Bauer,  Marion  Eugenie"
1354,"George,  Earl"
1355,"Jones,  Charles"
1356,"Root,  George  Frederick"
1357,"Scott,  Hazel"
1358,"Misraki,  Paul"
1359,"Spielmann,  Fritz"
1360,"Porrino,  Ennio"
1361,"Webern,  Anton  von"
1362,"Perpessas,  Harilaos"
1363,"Schnabel,  Artur"
1364,"Muradeli,  Vano"
1365,"Baron,  Maurice"
1366,"Moeran,  Ernest  John"
1367,"Scott,  Tom"
1368,"Starokadomsky,  Michael  L."
1369,"Savino,  Domenico"
1370,"Vene [Vené],  Ruggero"
1371,"Haussermann,  John"
1372,"Balendonck,  Armand"
1373,"Dyson,  Sir  George"
1374,"Kleinsinger,  George"
1375,"Hupfeld,  Herman"
1376,"Panufnik,  Sir  Andrzej"
1377,"Fitch,  Theodore"
1378,"Wesley,  Mary  Lou"
1379,"Morganstern,"
1380,"Ward,  Robert"
1381,"Weaver,  Powell"
1382,"Mancinelli,  Luigi"
1383,"Cilea,  Francesco"
1384,"Liebermann,  Rolf"
1385,"Arnell,  Richard"
1386,"Ivanov-Radkevich,  Nikolai"
1387,"Revueltas,  Silvestre"
1388,"Emmett,  Daniel  Decatur"
1389,"Pierpont,  James  Lord"
1390,"Clapp,  Philip  Greeley"
1391,"Sessions,  Roger"
1392,"Shapero,  Harold"
1393,"Frazzi,  Vito"
1394,"Ghedini,  Giorgio  Federico"
1395,"Chinn,  Genevieve"
1396,"Shulman,  Alan"
1397,"Camarata,  Tutti"
1398,"Antonini,  Alfredo"
1399,"Bermejo,  Felipe"
1400,"Soarez-Saveno,"
1401,"Castellanos,  Carlos"
1402,"Balazs,  Frederic"
1403,"Firestone,  Elizabeth"
1404,"Swanson,  Howard"
1405,"Alexander,  Josef"
1406,"Stein,  Barbara"
1407,"Koutzen,  Boris"
1408,"Torelli,  Giuseppe"
1409,"Levine,  Julius"
1410,"Wolpe,  Stefan"
1411,"Mills,  Charles"
1412,"Travis,  Roy  Elihu"
1413,"Slonimsky,  Nicolas"
1414,"Kirchner,  Leon"
1415,"Strauss,  Eduard"
1416,"Petrassi,  Goffredo"
1417,"Stevens,  David"
1418,"Jackno,  Ralph  John"
1419,"Lavry,  Marc"
1420,"Confrey,  Zez"
1421,"Schertzinger,  Victor"
1422,"Yaysnoff,  June & Iris"
1423,"Rodrigo,  Joaquín"
1424,"Gesensway,  Louis"
1425,"Barab,  Seymour"
1426,"Ferguson,  Howard"
1427,"Eberl,  Anton"
1428,"Hill,  Dorothy"
1429,"Gabrieli,  Andrea"
1430,"Berger,  Arthur"
1431,"Einem,  Gottfried  Von"
1432,"Rochberg,  George"
1433,"Vivanco,  Moises"
1434,"Gimenez,  Jeronimo"
1435,"Sandoval,"
1436,"Blasco,  Ricardo"
1437,"Machado,  Roger"
1438,"Lajarte,  Theodore  Eduard DuFaure"
1439,"Bezanson,  Philip"
1440,"Blacher,  Boris"
1441,"Damase,  Jean-Michel"
1442,"Kassern,  Tadeusz"
1443,"Moor,  Emanuel"
1444,"Dougherty,  Celius  (Hudson)"
1445,"Dallapiccola,  Luigi"
1446,"Lipschutz,  Lita"
1447,"Helm,  Everett"
1448,"Dalgleish,  James"
1449,"Godfrey,  Kathryn"
1450,"Bautista,"
1451,"Font de Anda,"
1452,"Moreno Torroba,  Federico"
1453,"Miller,"
1454,"Millocker,"
1455,"Waxman,  Franz"
1456,"Skalkottas,  Nikos"
1457,"Caamano [Caamaño],  Roberto"
1458,"Richardson,  Albert"
1459,"Raksin,  David"
1460,"Zaritzky,  Walt  Barrows"
1461,"Hague,  Charles"
1462,"Bonporti,  Francesco  Antonio"
1463,"Marinuzzi,  Gino, Jr."
1464,"Gaburo,  Kenneth"
1465,"Sihanouk,  King  Norodom"
1466,"Ladmirault,  Paul  Emile"
1467,"Cortes [Cortés],  Ramiro"
1468,"Meyerowitz,  Jan"
1469,"Pregel,  Boris"
1470,"Harkness,  Rebecca"
1471,"Sauter-Finegan,"
1472,"Rodriguez,  Gerardo  Matos"
1473,"de Abreu,  Zequinha"
1474,"Monterde,  Bernardino  Bautista"
1475,"Yradier,  Sebastian"
1476,"Kay,  Hershy"
1477,"Pestalozza,  Alberto"
1478,"Lumbye,  Hans Christian"
1479,"De Filippi,  Amedeo"
1480,"Weber,  Ben"
1481,"Miyagi,  Michio"
1482,"Konoye,  Hidemaro"
1483,"Buxtehude,  Dietrich"
1484,"Carrer [Karrer, Karreris],  Pavlos"
1485,"Goodman,  Saul"
1486,"Lewis,  George"
1487,"Hall,  Reginald"
1488,"Marker,"
1489,"Di Candriano,  Prince  Camillo  Ruspoli"
1490,"Bensussan,  Menachem"
1491,"Suesse,  Dana"
1492,"Klein,  John  M."
1493,"Landes,"
1494,"Goehr,"
1495,"Mamorsky,  Morris"
1496,"Burgess,  Lord"
1497,"Span,  Norman"
1498,"De Banfield,  Raffaello"
1499,"Muse,  Clarence"
1500,"Hanley,  James  F."
1501,"Williams,  Spencer"
1502,"Reid,  Billy"
1503,"Williams,  Hank"
1504,"New Orleans Rhythm Kings,"
1505,"Tizol,  Juan"
1506,"Monaco,  James  V."
1507,"Bernie,  Ben"
1508,"McPhee,  Colin"
1509,"Starer,  Robert"
1510,"Schuller,  Gunther"
1511,"Marquina,  Pasquale"
1512,"Loewe,  Frederick"
1513,"Mourant,  Walter"
1514,"Rosenthal,  Laurence"
1515,"Ginastera,  Alberto"
1516,"Mann,  Robert"
1517,"Kubik,  Gail"
1518,"Heiden,  Bernhard"
1519,"Carter,  Elliott"
1520,"Egge,  Klauss"
1521,"Sherwood,  Gordon"
1522,"Bentzon,  Niels  Viggo"
1523,"Jurek,"
1524,"Lane,  Burton"
1525,"Bowman,  Brooks"
1526,"Wood,  Haydn"
1527,"De Paul,  Gene"
1528,"Shearing,  George"
1529,"Young,  Lester"
1530,"Grainer,  Ron"
1531,"Garner,  Erroll"
1532,"Sebastian,  John"
1533,"Fernandez Arbos,  Enrique"
1534,"Arnold,  Sir  Malcolm"
1535,"Marais,  Josef"
1536,"Bondeville,  Emmanuel"
1537,"Dutilleux,  Henri"
1538,"Durufle [Duruflé],  Maurice"
1539,"Rota,  Nino"
1540,"Haieff,  Alexei"
1541,"Macero,  Teo"
1542,"Turner,  Charles"
1543,"Sicilianos,  Yeorgo"
1544,"Merrick,  Mahlon  Legrand"
1545,"Castro,  Juan  José"
1546,"Markevitch,  Igor"
1547,"Borishansky,  Elliot"
1548,"Yoder,  Paul  V."
1549,"Chapi (y Lorente),  Ruperto"
1550,"Garcia-Matos,  Manuel"
1551,"Alamo,  Lazaro del"
1552,"Arbo,  Miguel  Asins"
1553,"Ferriz,"
1554,"Mulligan,  Gerry"
1555,"Strayhorn,  Billy"
1556,"Cliburn,  Van"
1557,"Zafred,  Mario"
1558,"Salieri,  Antonio"
1559,"Varese [Varèse],  Edgard"
1560,"Ben-Haim,  Paul"
1561,"Ellstein,  Abraham"
1562,"Betti,  Henry"
1563,"Chajes,  Julius"
1564,"Lewis,  Leon"
1565,"Nelhybel,  Vaclav"
1566,"Franklin,  Benjamin"
1567,"Beglarian,  Grant"
1568,"Fine,  Irving"
1569,"Rorem,  Ned"
1570,"Russo,  William"
1571,"Banfield,  Raffaelo de"
1572,"Zeller,  Karl"
1573,"Merceron,"
1574,"Pugatchov,  Emanuel"
1575,"Fisher,  Marvin"
1576,"Orbon,  Julian"
1577,"Fenton,"
1578,"Fry,  William  Henry"
1579,"Brubeck,  Howard"
1580,"Willis,  Richard  Storrs"
1581,"Amirov,  Fikret"
1582,"De La Torre,  Francisco"
1583,"Bucci,  Mark"
1584,"Boulez,  Pierre"
1585,"Kalman,  Charles"
1586,"Monreal,"
1587,"Solano,"
1588,"Maciste,"
1589,"Ovadia,"
1590,"Ferrao,"
1591,"Cannon,  Hughie"
1592,"Orrego-Salas,  Juan"
1593,"Orff,  Carl"
1594,"Franchetti,  Arnold"
1595,"Parish,  M"
1596,"Lutoslawski,  Witold"
1597,"Ripoll,  Michael  Douglas"
1598,"Blackburn,  John  M"
1599,"Bernard,  Felix"
1600,"Hadjidakis,  Manos"
1601,"Rascel,  Renato"
1602,"Chou,  Wen-Chung"
1603,"Ponce,  Manuel"
1604,"Mayuzumi,  Toshiro"
1605,"Sellers,  Brother John"
1606,"Smit,  Leo"
1607,"Dor,  Dani"
1608,"Goldfaden,  Abraham"
1609,"Gold,  Ernest"
1610,"Miron,  Issachar"
1611,"Kurka,  Robert"
1612,"Nielsen,  Carl"
1613,"Gottlieb,  Jack"
1614,"Westerman,  Gerhart von"
1615,"Pinkham,  Daniel"
1616,"Etler,  Alvin"
1617,"Gerhard,  Roberto"
1618,"Henze,  Hans  Werner"
1619,"Previn,  Sir  André"
1620,"Henderson,  Skitch"
1621,"Bihari,  Janos"
1622,"Vetessy,  George"
1623,"Baird,  Tadeusz"
1624,"Ran,  Shulamit"
1625,"Xenakis,  Iannis"
1626,"Ligeti,  György"
1627,"Austin,  Larry"
1628,"Cage,  John"
1629,"Feldman,  Morton"
1630,"Brown,  Earle"
1631,"La Montaine,  John"
1632,"Reif,"
1633,"Hovhaness,  Alan"
1634,"Koyama,  Kiyoshige"
1635,"Lees,  Benjamin"
1636,"Palmer,  Robert"
1637,"Takemitsu,  Toru"
1638,"Perry,  Julia"
1639,"Wuorinen,  Charles"
1640,"Montsalvatge,  Xavier"
1641,"Kilar,  Wojciech"
1642,"Corigliano,  John, Jr."
1643,"Machaut,  Guillaume  De"
1644,"Gesualdo,  Don  Carlo"
1645,"Babbitt,  Milton"
1646,"Martirano,  Salvatore"
1647,"Blomdahl,  Karl-Birger"
1648,"Amram,  David"
1649,"Garrido-Lecca,  Celso"
1650,"Shchedrin,  Rodion"
1651,"Denisov,  Edison"
1652,"Chagrin,  Francis"
1653,"Chen,  N."
1654,"Zahavi,  David"
1655,"Wilensky,  Moshe"
1656,"Amiran,  Emanuel"
1657,"Navon,  Yitzchak  Eliyahu"
1658,"Reizenstein,  Franz"
1659,"Laderman,  Ezra"
1660,"Floyd,  Carlisle"
1661,"Bilik,  Jerry"
1662,"Bennett,  Richard  Rodney"
1663,"Mitropoulos,  Dimitri"
1664,"Rawsthorne,  Alan"
1665,"Berio,  Luciano"
1666,"Kuhlau,  Friedrich"
1667,"Borge,  Victor"
1668,"Helsted,  Edvard"
1669,"Norgard [Nørgård],  Per"
1670,"Casals,  Pablo"
1671,"Serrano,  Jose"
1672,"Cowell,  Johnny"
1673,"Rawsthorne,  Noel"
1674,"Perusio,  Matteus de"
1675,"Caserta,  Anthonellus de"
1676,"Phillips,  Peter"
1677,"Coperiario,  Giovanni"
1678,"Ferrabosco,  Alfonso"
1679,"Goehr,  Alexander"
1680,"Stockhausen,  Karlheinz"
1681,"Pousseur,  Henri"
1682,"Kostelanetz,  Andre"
1683,"Smith,  Hale"
1684,"Davidovsky,  Mario"
1685,"Nono,  Luigi"
1686,"Moevs,  Robert  (Walter)"
1687,"Riesman,  Michael"
1688,"Rzewski,  Frederic"
1689,"Reich,  Steve"
1690,"Crawford,  Ruth  Porter"
1691,"Zelenka,  Jan  Dismas"
1692,"Vejvanovsky,  Pavel  Josef"
1693,"Brixi,  Frantisek [František]  Xaver"
1694,"Maderna,  Bruno"
1695,"Schafer,  R.  Murray"
1696,"Silverman,  Stanley"
1697,"Crumb,  George"
1698,"Salzman,  Eric"
1699,"Geld,  Gary"
1700,"Li,  Huanzhi"
1701,"Press,  Jacques"
1702,"Druckman,  Jacob"
1703,"Maxwell Davies,  Sir  Peter"
1704,"Argento,  Dominick"
1705,"Del Tredici,  David"
1706,"Bolcom,  William"
1707,"Penderecki,  Krzysztof"
1708,"Skrowaczewski,  Stanislaw"
1709,"Kraft,  William"
1710,"Tippett,  Michael"
1711,"Harrison,  Lou"
1712,"Hartmann,  Karl  Amadeus"
1713,"Reimann,  Aribert"
1714,"Sollberger,  Harvey"
1715,"Warren,  Elinor  Remick"
1716,"Zimmermann,  Bernd  Alois"
1717,"Rudhyar,  Dane"
1718,"Birtwistle,  Harrison"
1719,"Harris,  Donald"
1720,"Moore,  Carman"
1721,"Vorisek,  Jan  Vaclav"
1722,"Lieberson,  Peter"
1723,"Francoeur,  François"
1724,"Coward,  Noël"
1725,"Bacewicz,  Grazyna"
1726,"Escot,  Pozzi"
1727,"Musgrave,  Thea"
1728,"Taxin,  Ira"
1729,"Raposo,  Joe"
1730,"Dlugoszewski,  Lucia"
1731,"Martino,  Donald"
1732,"Kolb,  Barbara"
1733,"Baker,  David  J."
1734,"Blackwood,  Easley"
1735,"Deak,  Jon"
1736,"Rush,  Loren"
1737,"Gilbert,  David"
1738,"Jablonsky,  Stephen"
1739,"Donatoni,  Franco"
1740,"Albright,  William"
1741,"Plante,  Daniel"
1742,"Myers,  Laurie"
1743,"Subotnick,  Morton"
1744,"Levine,  Jeffrey"
1745,"Gaber,  Harley"
1746,"Hodkinson,  Sydney"
1747,"Joplin,  Scott"
1748,"Lamb,  Joseph  Francis"
1749,"Blake,  Eubie"
1750,"Matthews,  Artie"
1751,"Europe,  James  Reese"
1752,"Reeves,  David  Wallis"
1753,"Fillmore,  John  Comfort"
1754,"Hampton,  Calvin"
1755,"Perkinson,  Coleridge-Taylor"
1756,"Hakim,  Talib  Rasul"
1757,"Anderson,  T.J."
1758,"Cunningham,  Arthur"
1759,"Walker,  George"
1760,"Saint-Georges,  Joseph Bologne  Chevalier de"
1761,"White,  Jose  (Paul)"
1762,"Nunes-Garcia,  José  Maurício"
1763,"Davison,  Harriette"
1764,"Moore,  Undine  Smith"
1765,"Moore,  Dorothy  Rudd"
1766,"Wilson,  Olly"
1767,"Hailstork,  Adolphus"
1768,"Cordero,  Roque"
1769,"Mondonville,  Jean-Joseph  De"
1770,"Imbrie,  Andrew"
1771,"Colgrass,  Michael"
1772,"Streisand,  Barbra"
1773,"Murphy,  Walter"
1774,"Sondheim,  Stephen"
1775,"Johnston,  Bruce"
1776,"Persichetti,  Vincent"
1777,"Stock,  David"
1778,"McKinley,  William  Thomas"
1779,"Eliasson,  Anders"
1780,"Dugger,  Edwin"
1781,"Friedman,  Ignaz"
1782,"Farina,  Carlo"
1783,"Thomas,  Andrew"
1784,"Cohen,  Edward"
1785,"Mingus,  Charles"
1786,"Edwards,  George"
1787,"Murail,  Tristan"
1788,"Romero,  Angel"
1789,"Fischer,  J."
1790,"Donaldson,  Walter"
1791,"Fisher,  Fred"
1792,"Meyers, Billy,  Schoebel, Elmer  and"
1793,"King,  Karl  Lawrence"
1794,"Duble,  Charles  Edward"
1795,"Bassett,  Leslie"
1796,"Taneyev,  Sergei"
1797,"Kim,  Earl"
1798,"Tal,  Josef"
1799,"Tomasi,  Henri"
1800,"Zagortsev,  Vladimir"
1801,"Bonds,  Margaret"
1802,"Westmoreland,"
1803,"Susato,  Tylman"
1804,"Neikrug,  Marc"
1805,"Fischer,  Clare"
1806,"Kubelik [Kubelík],  Rafael"
1807,"Shankar,  Ravi"
1808,"Doppler,  (Albert)  Franz"
1809,"Schultze,  Johann  Christian"
1810,"Clarke,  Herbert  Lincoln"
1811,"Samuel,  Gerhard"
1812,"Cottrau,  Teodoro"
1813,"Gabriel,  Charles  H."
1814,"Marx,  Joseph"
1815,"Tower,  Joan"
1816,"Balada,  Leonardo"
1817,"Kotzwara,  Franz"
1818,"Shaw,  Oliver"
1819,"Herrick,  Joseph"
1820,"Holyoke,  Samuel"
1821,"Trojahn,  Manfred"
1822,"Consoli,  Marc-Antonio"
1823,"Lerdahl,  Fred"
1824,"Harbison,  John"
1825,"Rosenman,  Leonard"
1826,"Balassa,  Sandor"
1827,"Adams,  John"
1828,"Kernis,  Aaron  Jay"
1829,"Thorne,  Nicholas"
1830,"Rands,  Bernard"
1831,"Schwantner,  Joseph"
1832,"Street,  Tison"
1833,"Mercure,  Pierre"
1834,"Avshalomov,  Jacob"
1835,"Arutunian,  Alexander"
1836,"Dempster,  Stuart"
1837,"Erickson,  Robert"
1838,"Galas [Galás],  Diamanda"
1839,"Rouse,  Christopher"
1840,"Beaser,  Robert"
1841,"Erb,  Donald"
1842,"McNabb,  Michael"
1843,"Spiegel,  Laurie"
1844,"Dodge,  Charles"
1845,"Chowning,  John  MacLeod"
1846,"Yuasa,  Joji"
1847,"Risset,  Jean-Claude"
1848,"Lansky,  Paul"
1849,"Hoeller,  York"
1850,"Reynolds,  Roger"
1851,"Drummond,  Dean"
1852,"La Barbara,  Joan"
1853,"Dick,  Robert"
1854,"Bresnick,  Martin"
1855,"Jolas,  Betsy"
1856,"Amy,  Gilbert"
1857,"Knussen,  Oliver"
1858,"Davis,  Anthony"
1859,"Sculthorpe,  Peter"
1860,"Bazelon,  Irwin"
1861,"Albrechtsberger,  Johann  G."
1862,"Wyre,  John"
1863,"Gubaidulina,  Sofia"
1864,"Noon,  David"
1865,"Schulhoff,  Erwin"
1866,"Williams,  Julius"
1867,"Karmen,  Steve"
1868,"Subramaniam,  Lakshminarayana"
1869,"Sohal,  Naresh"
1870,"Warshaw,  Dalit  Paz"
1871,"Schnittke,  Alfred"
1872,"Sinopoli,  Giuseppe"
1873,"Bussotti,  Sylvano"
1874,"Speer,  Daniel"
1875,"Calvert,  Morley"
1876,"Furtwangler [Furtwängler],  Wilhelm"
1877,"Dufourt,  Hugues"
1878,"Novak,  Jan"
1879,"Molter,  Johann  Melchior"
1880,"Nancarrow,  Conlon"
1881,"Ruders,  Poul"
1882,"Kagel,  Mauricio"
1883,"Olivero,  Betty"
1884,"Andriessen,  Louis"
1885,"Paert [Pärt],  Arvo"
1886,"Dresher,  Paul"
1887,"Williams,  John"
1888,"Sorozabal,  Pablo"
1889,"Husa,  Karel"
1890,"Berio,  Adolfo"
1891,"Castiglioni,  Niccolò"
1892,"Matthus,  Siegfried"
1893,"Jacob,  Gordon"
1894,"Berkeley,  Sir  Lennox"
1895,"Spisak,  Michal"
1896,"Zarebski,  Juliusz"
1897,"Bach,  P.D.Q."
1898,"Schickele,  Peter"
1899,"May,  Robert  C."
1900,"Lindroth,  Scott"
1901,"Hartke,  Stephen"
1902,"Dahl,  Ingolf"
1903,"Rex,  Charles  Gordon"
1904,"Benjamin,  George"
1905,"Duvernoy,  Frederic  Nicolas"
1906,"Lewis,  John"
1907,"Alt,  Bernhard"
1908,"Zwilich,  Ellen  Taaffe"
1909,"Gastaldon,  Stanislas"
1910,"Wolfe,  Stanley"
1911,"Quantz,  Johann  Joachim"
1912,"Stenhammar,  Wilhelm"
1913,"Coolidge,  Peggy  Stuart"
1914,"Friedrich,  Alexander"
1915,"Turrin,  Joseph"
1916,"Kellaway,  Roger"
1917,"Matiegka,  Wenzel  Thomas"
1918,"Cerchio,  Bruno"
1919,"Fuchs,  Kenneth"
1920,"Slonimsky,  Sergei"
1921,"Knight,  Edward"
1922,"Drattell,  Deborah"
1923,"Thomas,  Augusta  Read"
1924,"Hagen,  Daron"
1925,"Daugherty,  Michael"
1926,"Hoffer,  Bernard"
1927,"Hetu [Hétu],  Jacques"
1928,"Lang,  David"
1929,"Mercurio,  Steven"
1930,"Raats [Rääts],  Jaan"
1931,"Ge,  Gangru"
1932,"Sierra,  Roberto"
1933,"Baker,  Claude"
1934,"Dring,  Madeleine"
1935,"Grandjany,  Marcel"
1936,"Picker,  Tobias"
1937,"Wallach,  Joelle"
1938,"Morawetz,  Oskar"
1939,"Sheng,  Bright"
1940,"Ramey,  Phillip"
1941,"Torke,  Michael"
1942,"Bixio,  Cesare  Andrea"
1943,"Di Lazzaro,  Eldo"
1944,"Di Crescenza,"
1945,"Hertel,  Johann  Wilhelm"
1946,"Hollaender,  Friedrich"
1947,"Meisel,  Edmund"
1948,"Nick,  Edmund"
1949,"Nelson,  Rudolf"
1950,"Eisler,  Hans"
1951,"Reinitz,  Béla"
1952,"Spoliansky,  Mischa"
1953,"Nelson,  Ron"
1954,"Langgaard,  Rued"
1955,"Berwald,  Franz  Adolf"
1956,"Stich,  Jan  Vaclav"
1957,"Paulus,  Stephen"
1958,"Bowles,  Paul"
1959,"Oliveros,  Pauline"
1960,"Riley,  Terry"
1961,"Miki,  Minoru"
1962,"Kokkonen,  Joonas"
1963,"Bowen,  York"
1964,"Albert,  Stephen"
1965,"Blumenfeld,  Felix"
1966,"Devienne,  François"
1967,"Ewazen,  Eric"
1968,"Tubin,  Eduard"
1969,"Schoenfield,  Paul"
1970,"Rush,  Stephen"
1971,"Renwick,  Wilke"
1972,"Horowitz,  Joseph"
1973,"Dodd,  Jimmie"
1974,"Dessau,  Paul"
1975,"Tamberg,  Eino"
1976,"Scheidt,  Samuel"
1977,"Dedrick,  Christopher"
1978,"Rollins,  Walter  E."
1979,"Brodsky,  Nicholas"
1980,"Danielpour,  Richard"
1981,"Chaynes,  Charles"
1982,"Paz,  Xavier  de"
1983,"Milan [Milán],  Luys"
1984,"Mudarra,  Alonso  de"
1985,"Sanz,  Gaspar"
1986,"Sor,  Fernando"
1987,"Romero,  Celedonio"
1988,"Pollack,  Lew"
1989,"Gale,  Jack"
1990,"Waller,  Fats  (Thomas)"
1991,"MacMillan,  James"
1992,"Pleyel,  Ignaz"
1993,"Koper,  Karl-Heinz  (Köper)"
1994,"Hawkins,  Walter"
1995,"Dorsey,  Thomas  Andrew"
1996,"Sametz,  Steven"
1997,"Katzer,  Georg"
1998,"Perle,  George"
1999,"Hurd,  David"
2000,"Dawson,  Mary  Cardwell"
2001,"Carter,  Henry"
2002,"Holland,  M.  Roger, III"
2003,"Sebesky,  Don"
2004,"Torme [Tormé],  Mel"
2005,"Davis,  Katherine"
2006,"Albinoni,  Tomaso"
2007,"Wright,  Rayburn"
2008,"Nakamura,  Toru"
2009,"Locatelli,  Pietro"
2010,"Piazzolla,  Astor"
2011,"Parker,  Charlie  (""Bird"")"
2012,"Cooke,  Arnold"
2013,"Kancheli,  Giya"
2014,"Brey,  Carter"
2015,"Coleman,  Ornette"
2016,"Cresswell & McNicholas,  Luke & Steve"
2017,"Lindberg,  Magnus"
2018,"Zelenski,  Wladyslaw"
2019,"Mouton,  Jean"
2020,"Distler,  Hugo"
2021,"Biebl,  Franz"
2022,"Burt,  Alfred  Shaddick"
2023,"Gaubert,  Philippe"
2024,"Clarke,  Rebecca"
2025,"Serocki,  Kazimierz"
2026,"McGrimsey,  Robert"
2027,"Maltsby,  Carl"
2028,"Dubin,  Al"
2029,"Hamlisch,  Marvin"
2030,"Loesser,  Frank"
2031,"Adler,  Richard"
2032,"Smalls,  Charlie"
2033,"Crouch,  Andrae  (Edward)"
2034,"Pachelbel,  Johann"
2035,"Zorn,  John"
2036,"Lauridsen,  Morten"
2037,"Discussion,"
2038,"Ades [Adès],  Thomas"
2039,"Turnage,  Mark-Anthony"
2040,"Harvey,  Jonathan"
2041,"Bates,  Django"
2042,"Kander,  John"
2043,"Karg-Ellert,  Sigfrid"
2044,"Hathaway and McKinnor,  Donny and Nadine"
2045,"Premru,  Raymond"
2046,"McCartney,  Sir  Paul"
2047,"Flecha,  Mateo, El Viejo"
2048,"Guitierrez [Gutiérrez] de Padilla,  Juan"
2049,"Pygott,  Richard"
2050,"Patterson,  Paul"
2051,"Svane,  Randall"
2052,"Karlsen,  Kjell  Mørk"
2053,"Dun,  Tan"
2054,"Seltzer,  Dov"
2055,"Sussan,  Leo"
2056,"Baum,  Parker"
2057,"Blaudziunas,  Gabija"
2058,"Mindlin,  Samantha"
2059,"Spencer,  Victoria"
2060,"Hoover,  Duke"
2061,"Held,  Ilana"
2062,"Boyle-Cole,  Cheyenne"
2063,"Hirschhorn,  Michelle"
2064,"Piot,  Melhia"
2065,"Sable,  Lindsay"
2066,"Esman,  Ilan"
2067,"Gray,  Aiesha"
2068,"Rosario,  Janis"
2069,"Baum,  Sabrina"
2070,"Satoh,  Somei"
2071,"Saariaho,  Kaija"
2072,"Vasks,  Peteris"
2073,"Morricone,  Ennio"
2074,"Kamen,  Michael"
2075,"Kenton,  Stan"
2076,"Glick,  Srul  Irving"
2077,"Simonson,  Victor"
2078,"Becton,  Shelton  L."
2079,"Marsalis,  Wynton"
2080,"Rihm,  Wolfgang"
2081,"Falcon [Falcón] Sanabria,  Juan  José"
2082,"Pugh,  James"
2083,"Mores,  Mariano"
2084,"Krauze,  Zygmunt"
2085,"Masson [Másson],  Askell [Áskell]"
2086,"Liebermann,  Lowell"
2087,"Janis,  Tim"
2088,"Crespo,  Enrique"
2089,"MacLean,"
2090,"Kalhor,  Kayhan"
2091,"Pasculli,  Antonio"
2092,"Rechtman,  Ilan"
2093,"Koetsier,  Jan"
2094,"Boutry,  Roger"
2095,"Shaw,  Lowell"
2096,"Bratton,  John  W."
2097,"Botti,  Susan"
2098,"Southall,  Mitchell  B."
2099,"Gannon,  James ""Kim"""
2100,"Herman,  Jerry"
2101,"Hill,  Warren"
2102,"Ruzicka,  Peter"
2103,"Balissat,  Jean"
2104,"Genzmer,  Harald"
2105,"Farrenc,  Jeanne-Louise"
2106,"Tsintsadze,  Sulkhan  Fyodorovich"
2107,"Richman,  Lucas"
2108,"Marks,  Johnny"
2109,"Fruehling,  Carl"
2110,"Coldplay,"
2111,"Rodriguez,  Jasmin"
2112,"James,  Dijon"
2113,"Vega,  Arianna"
2114,"Paulino,  Carlos"
2115,"Vitrago,  Roger"
2116,"Manon [Mañon],  Cesar"
2117,"Diaz,  Stanly"
2118,"Gomez,  Cynthia"
2119,"Leger,  Anabel"
2120,"Diaz,  Luis"
2121,"Taffanel,  Paul"
2122,"Golijov,  Osvaldo"
2123,"Jobim,  Antônio  Carlos (""Tom"")"
2124,"Schnyder,  Daniel"
2125,"Lachert,  Piotr"
2126,"Wiren [Wirén],  Dag"
2127,"May,  Billy  & Kenton, Stan"
2128,"Camilo,  Michel"
2129,"Harrison,  Tim"
2130,"Roland-Manuel,  Alexis"
2131,"Harris,  Charles"
2132,"Barkauskas,  Vytautas"
2133,"Elvey,  Sir  George"
2134,"Sortomme,  Richard"
2135,"Pereira,  Joseph"
2136,"Tsypin,  Vladimir"
2137,"Elbel,  Louis"
2138,"Edwards,  Ross"
2139,"Maazel,  Lorin"
2140,"Chaplin,  Charles"
2141,"Bernstein,  Elmer"
2142,"Goldsmith,  Jerry"
2143,"Barry,  John"
2144,"Gardel,  Carlos"
2145,"Morricone,  Andrea and Ennio"
2146,"Shore,  Howard"
2147,"Friedman,  Jefferson"
2148,"Garland,  Joseph  C."
2149,"Buonamente,  Giovanni"
2150,"Franck,  Melchior"
2151,"Boehme,  Oskar"
2152,"Maslanka,  David"
2153,"Glisic [Glišic],  Živojin"
2154,"Newman,  Randy"
2155,"Guettel,  Adam"
2156,"Noble,  Ray"
2157,"Valjean,  Paul"
2158,"Puts,  Kevin"
2159,"Matthews,  Colin"
2160,"Gauntlett,  Henry  John"
2161,"Perez Prado,  Damaso"
2162,"Coll,  Francisco"
2163,"Sobol,  Dr.  Mordechai"
2164,"Levinson,  Y.  D."
2165,"Aizenstadt,  David"
2166,"Odessaer,  Bulgar"
2167,"Nowakowsky,  D."
2168,"Koussevitzky,  Moshe"
2169,"Alter,  I"
2170,"Talmud,  Yaakov"
2171,"Bogzester,  William"
2172,"Grigoriu,  George"
2173,"Wilder,  Alec"
2174,"Kallman,  Daniel"
2175,"Keillor,  Garrison"
2176,"Davidson,  Randall"
2177,"Grip,  Eric"
2178,"McGlaughlin,  William"
2179,"Chan,  Ka  Nin"
2180,"Sichel,  John"
2181,"Robinson,  Kyla"
2182,"Nunez [Nuñez],  Ivan"
2183,"Willis,  Annabel"
2184,"Petronio,  Camilla"
2185,"Taslima,  Farah"
2186,"Fleming,  Sarah"
2187,"Comstock,  Jackson"
2188,"Wong & Xiao,  Patrick & Vincent"
2189,"Hendrix,  Jimi"
2190,"Donaudy,  Stefano"
2191,"Wehrli,  Werner"
2192,"Rosenblatt,  Y."
2193,"Kwartin,  Zevulun"
2194,"Schorr,  Israel"
2195,"Chutiner,  P."
2196,"Stern,  I. & Moshe"
2197,"Yellen,  Jack"
2198,"Brody,  Josef"
2199,"Coots,  J.  Fred"
2200,"Hely-Hutchinson,  Victor"
2201,"Dworsky,  Richard"
2202,"Dworsky and Blaske,  Richard and Lee"
2203,"Shand, Terry & Eaton, Jimmy,"
2204,"Brown,  Nacio  Herb"
2205,"Newley,  Anthony"
2206,"Mancini,  Henry"
2207,"Legrand,  Michel"
2208,"Charles, Dick and Marks, Larry,"
2209,"Schifrin,  Lalo"
2210,"Salonen,  Esa-Pekka"
2211,"Bortz [Börtz],  Daniel"
2212,"Wagner,  Melinda"
2213,"Bates,  Mason"
2214,"Mendelssohn Hensel,  Fanny"
2215,"Wencheng,  Lu"
2216,"Guang,  Ren"
2217,"Gerber,  Stephen"
2218,"Bock,  Jerry"
2219,"Fain,  Sammy"
2220,"Ferro,  Nicola"
2221,"DiLorenzo,  Anthony"
2222,"Tilzer,  Albert Von"
2223,"Hall,  Guy"
2224,"Ruo,  Huang"
2225,"Bermel,  Derek"
2226,"Jolson,  Al"
2227,"Bloom,  Rube"
2228,"Malneck,  Matty"
2229,"Caesar,  Irving"
2230,"Fischer,  Carl"
2231,"Wallace,  David"
2232,"Nissenson,  Gloria"
2233,"Frank,  Gabriela  Lena"
2234,"Herbert,  Rajon"
2235,"Pichardo,  Edward"
2236,"Wegh,  Claire"
2237,"Mannes,  Nathan"
2238,"Pagan,  Abraham"
2239,"Zhang,  Yijun"
2240,"Fang,  Yue"
2241,"Lu,  Cindy"
2242,"Lu,  Yiqing"
2243,"Zhang,  Yusong"
2244,"Reed,  Alfred"
2245,"Zelenaia,  Margarita"
2246,"Stucky,  Steven"
2247,"Hoffman,  Solomon"
2248,"Oberdier,  Danielle  Kerani"
2249,"Tokke,  Justin  P."
2250,"Medaglia,  Julio"
2251,"Schonberg [Schönberg],  Claude-Michel"
2252,"Schubert - Berio ,  Franz - Luciano"
2253,"LeFrak,  Karen"
2254,"Tovey,  Bramwell"
2255,"Richard,  Douglas  A."
2256,"Grantham,  Donald"
2257,"Egner,  Phillip"
2258,"Reineke,  Steven"
2259,"Tatum,  Art"
2260,"Dixieland Jazz Band,"
2261,"Currier,  Sebastian"
2262,"Carrick,  Richard"
2263,"Moravec,  Paul"
2264,"Dubugnon,  Richard"
2265,"De la Monnoye,  Bernard"
2266,"Louiguy,  Louis"
2267,"Mustonen,  Olli"
2268,"Crusell,  Bernhard  Henrik"
2269,"Ramos,  Ben"
2270,"Turano,  Olivia"
2271,"Henry,  Aaron"
2272,"Williams,  Aleaster"
2273,"Hyland,  Theoren"
2274,"Arotsky,  Sheridan"
2275,"Frankle,  George"
2276,"Quinlan,  Caitlin"
2277,"Wilson,  Paul"
2278,"Krasa,  Hans"
2279,"Dorman,  Avner"
2280,"Raz,  Yehezkel"
2281,"Schwertsik,  Kurt"
2282,"Krieger,  Henry"
2283,"Auerbach,  Lera"
2284,"Wolcott,  Charles"
2285,"Butler,  Artie"
2286,"Charles,  Ray"
2287,"Weiss,  George  David"
2288,"Corghi,  Azio"
2289,"Anastasio,  Trey"
2290,"Anastasio, Trey, and Hart, Don,"
2291,"Moriwaki,  Yosuke"
2292,"Watanabe,  Harumi"
2293,"Tateno,  Keito"
2294,"Ashimine,  Shuono"
2295,"Tanabe,  Aline  Sauvegrain"
2296,"Hiramoto,  Wataru"
2297,"Okuyama,  Marin"
2298,"Susaki,  Asuka"
2299,"Elkjer,  Robert"
2300,"Gabaye,  Pierre"
2301,"Rossi,  Salamone"
2302,"Rimmer,  William"
2303,"Sierra,  Arlene  Elizabeth"
2304,"Liang,  Lei"
2305,"Dalbavie,  Marc-André"
2306,"Kampela,  Arthur"
2307,"Winkler,  David"
2308,"Steiger,  Rand"
2309,"Balcomb,  Stuart"
2310,"Rodgers,  Mary"
2311,"Pintscher,  Matthias"
2312,"Shepherd,  Sean"
2313,"Muhly,  Nico"
2314,"Parsons,  Michael"
2315,"Fiorenzoli,  Stella"
2316,"D'Ver,  Ethan"
2317,"Draper,  Isaac"
2318,"Jimenez,  Noah"
2319,"Durakovic,  Amina"
2320,"Nikocevic,  Elmir"
2321,"Samerson,  Brooke"
2322,"Bernstein,  Adam"
2323,"Gruber,  HK"
2324,"Bass,  Randol  Alan"
2325,"Zhao,  Guang"
2326,"Meij,  Johan de"
2327,"Peaslee,  Richard"
2328,"Kazik,  James"
2329,"Jones,  Isham"
2330,"Andres,  Bernard"
2331,"Sydeman,  William  Jay"
2332,"Wildmans,  Friedrich"
2333,"Grisey,  Gerard"
2334,"Theofanidis,  Christopher"
2335,"Matheson,  James"
2336,"Pola"
2337,"Ellis,  Kenny"
2338,"Barnes,  Edward  Shippen"
2339,"Jagoda,  Flory"
2340,"Yim,  Jay  Alan"
2341,"Anderson,  Julian"
2342,"Widmann,  Jorg [Jörg]"
2343,"Korzeniowsky,  Julian"
2344,"Ding,  Qin"
2345,"Segerstrom,  Eric"
2346,"Jatta,  Musa, Jr."
2347,"Dolby,  Nuha"
2348,"Galesi,  Julian"
2349,"Moors,  Daniel"
2350,"Pino,  Maya"
2351,"Balbi,  Ashley"
2352,"LaChiusa,  Michael  John"
2353,"Schwartz,  Stephen"
2354,"Sting,"
2355,"Webb,  Jimmy"
2356,"Larson,  Jonathan"
2357,"Gaga,  Lady"
2358,"Menzel,  Idina"
2359,"Moore,  Phil"
2360,"Strouse,  Charles"
2361,"Quiroga,  Manuel"
2362,"Tuur,  Erkki-Sven"
2363,"Wasserman,  Ron"
2364,"Grossman,  David"
2365,"Kim,  Sae-Young"
2366,"ACT,"
2367,"Rumshinsky,  Joseph"
2368,"Gaunt,  Percy"
2369,"Minkowsky,  Giacomo"
2370,"Friedsell,  Louis"
2371,"Perlmutter"
2372,"Bayes"
2373,"Kurtag [Kurtág],  Georgy [György]"
2374,"Dix,  Brian"
2375,"Bulla,  Stephen"
2376,"Ortolani,  Riziero ""Riz"""
2377,"Modugno,  Domenico"
2378,"Sager, Carol Bayer,  Foster, David"
2379,"Sartori,  Francesco"
2380,"Glass,  Philip"
2381,"Pieslak,  Jonathan"
2382,"Choi,  Sophia"
2383,"Kotkin,  Henry"
2384,"Shmerler,  Harry"
2385,"Kim-Suzuki,  Saya"
2386,"Bryant,  Calista"
2387,"Chough,  Sara"
2388,"Gardner,  Danielle"
2389,"Park,  Jong Eun  Sylvia"
2390,"Vistel,  Douglas"
2391,"Livingston,  Jay"
2392,"Hague,  Albert"
2393,"Guaraldi,  Vince"
2394,"Lunsqui,  Alexandre"
2395,"Bao,  Yuankai"
2396,"Chen,  Qigang"
2397,"Zhou,  Chenglong"
2398,"Sun,  Yiqian"
2399,"Horowitz,  Vladimir"
2400,"Tu,  Emily"
2401,"Collings,  Bryce"
2402,"Poniewozik,  Milo"
2403,"Brooks,  Calie"
2404,"Peterson,  Timothy"
2405,"Landau,  Jake"
2406,"Valongo,  Elijah"
2407,"Alexander,  Andre"
2408,"Sifuentes,  Carol"
2409,"Garcia,  Jean-Carlos"
2410,"Jarrell,  Michael"
2411,"Schwartz,  Elliott"
2412,"Cras,  Jean"
2413,"Fryba,  Hans"
2414,"Oliver,  Melvin ""Sy"""
2415,"Kessler,  James C."
2416,"Yoran,  Victor"
2417,"Keillor/Dworsky/Stein,  Garrison/Rich/Andy"
2418,"Fagin,  Gary"
2419,"Bliss,  Philip"
2420,"Shea,  Michael  J."
2421,"Robinson and White,  William ""Smokey"" and Ronald"
2422,"Garcia,  Jerry"
2423,"Mendoza y Cortés,  Quirino"
2424,"Stein,  Andy"
2425,"Peace,  A.  L."
2426,"Shayne,  Gloria"
2427,"Feliciano,  José"
2428,"Beal"
2429,"Jobim,  Antonio  Carlos"
2430,"Jones,  Thaddeus"
2431,"Akiho,  Andy"
2432,"Norman,  Andrew"
2433,"Vaclavik,  Jude"
2434,"Qian,  Qi"
2435,"Ye,  Xiaogang"
2436,"Zhang,  Qianyi"
2437,"Sang,  Ruocuo"
2438,"Ying,  Qing"
2439,"Meltzer,  Harold"
2440,"Bozza,  Eugene  Joseph"
2441,"Hillborg,  Anders"
2442,"Robin,  Yann"
2443,"Chin,  Unsuk"
2444,"Jadin,  Louis  Emmanuel"
2445,"Finzi,  Gerald"
2446,"Zivkovic,  Nebojsa  Jovan"
2447,"Westlake,  Nigel"
2448,"Espiritusanto,  Ashanti"
2449,"Hanson,  Graydon"
2450,"Micic,  Mia"
2451,"Braun,  Aliyana  Tedi"
2452,"Irfan,  Tengku  Ahmad"
2453,"Gulielmetti,  Jack"
2454,"Fig,  Aaron  Wolff"
2455,"Stevens,  Cassandra"
2456,"Sakho,  Hawa"
2457,"Rissmann,  Paul"
2458,"Leigh,  Mitch"
2459,"Velazquez,  Consuelo"
2460,"Duery,  Louis"
2461,"Hesketh,  Kenneth"
2462,"Sandidge,  Daniel"
2463,"Carey,  Mariah"
2464,"Isham,  Mark"
2465,"Zindars,  Earl"
2466,"Rechtman,  Elan"
2467,"Frackenpohl,  Arthur"
2468,"Monk,  Thelonious"
2469,"Ross,  Jerry"
2470,"Pasek,  Benj"
2471,"Bacharach,  Burt"
2472,"Flaherty,  Stephen"
2473,"Torch,  Sidney"
2474,"Taylor, Brooks & Stanley,"
2475,"Anderson,  Robert  Alex"
2476,"Hess,  Nigel"
2477,"Mitchell,  Brian  Stokes"
2478,"Kent,  Walter"
2479,"Colella,  Jeff"
2480,"Bucchino,  John"
2481,"Norman,  Monty"
2482,"Kerr,  Joseph  Frizell"
2483,"Igudesman,  Aleksey"
2484,"Igudesman & Joo,  Aleksey & Huyng-ki"
2485,"Conti,  Bill"
2486,"Joo,  Hyung-ki"
2487,"Perren, Fekaris, and Gaynor,  Freddie, Dino, and Gloria"
2488,"Davis,  Jimmie"
2489,"Arancio,  Julia"
2490,"Celestin,  Austin"
2491,"Cohn,  Ethan"
2492,"Green,  DeAnte"
2493,"Moske,  Nina"
2494,"Reno,  Anais"
2495,"O'Brien,  Jake"
2496,"Utagawa,  Karin"
2497,"Iwamoto,  Yuki"
2498,"Iwamoto,  Hiroaki"
2499,"Bai,  Chengren"
2500,"Luo,  Xiuying"
2501,"Xu,  Peidong"
2502,"Lei,  Zhenbang"
2503,"Ozone,  Makato"
2504,"Carpenter,  Mary  Chapin"
2505,"Djawadi,  Ramin"
2506,"Vivier,  Claude"
2507,"Hamelin,  Marc-André"
2508,"Newman,  Thomas"
2509,"Giacchino,  Michael"
2510,"Doyle,  Patrick"
2511,"Hosokawa,  Toshio"
2512,"Fujikura,  Dai"
2513,"Mantovani,  Bruno"
2514,"Neuwirth,  Olga"
2515,"Staud,  Johannes  Maria"
2516,"Andre,  Mark"
2517,"Senk,  Olga"
2518,"Schwartz,  Jay"
2519,"Zuraj,  Vito"
2520,"Wolfe,  Julia"
2521,"Mackey,  Steven"
2522,"Holliger,  Heinz"
2523,"Manoury,  Philippe"
2524,"Acosta,  Daniel"
2525,"Darris,  Samantha"
2526,"Choi,  Elli"
2527,"Bridge to Nowhere,"
2528,"Felsenfeld,  Daniel"
2529,"Iyer,  Vijay"
2530,"Detrick,  Zachary"
2531,"Wigglesworth,  Ryan"
2532,"Grime,  Helen"
2533,"Prestini,  Paola"
2534,"Nathan,  Eric"
2535,"Bettison,  Oscar"
2536,"Brown,  Ryan"
2537,"Hersch,  Michael"
2538,"Kapica,  Chris"
2539,"Adolphe,  Julia"
2540,"Dougherty,  William"
2541,"Grafe,  Max"
2542,"Jones,  Jesse"
2543,"Wang,  Lu"
2544,"McManus,  Andrew"
2545,"Cerha,  Friedrich"
2546,"Pesson,  Gerard [Gérard]"
2547,"Ustvolskaya,  Galina"
2548,"Eotvos [Eötvös],  Peter"
2549,"Eotvos [Eötvös],  Melody"
2550,"Honstein,  Robert"
2551,"Miller,  Jared"
2552,"Rotolo,  Kyle"
2553,"Stafylakis,  Haralabos [ Harry ]"
2554,"Wang,  A-Mao"
2555,"Cheung,  Anthony"
2556,"Green,  Joe"
2557,"Ray,  Don"
2558,"Greenwood,  Lee"
2559,"McHugh,  Jimmy"
2560,"Cipriani,  Stelvio"
2561,"Piovani,  Nicola"
2562,"Bacalov,  Luis  Enrique"
2563,"Trovajoli,  Armando"
2564,"Fusco,  Giovanni"
2565,"Brock,  Timothy"
2566,"Bjarnason,  Daniel [Daníel]"
2567,"Marshall,  Ingram"
2568,"Mazzoli,  Missy"
2569,"Andres,  Timo"
2570,"Suben,  Joel  Eric"
2571,"Mason,  Lowell"
2572,"Rutter,  John"
2573,"Tyzik,  Jeff"
2574,"Le Roy,  Henri  Leon"
2575,"Liao,  Shuwen"
2576,"Bardanashvili,  Josef"
2577,"Haber,  Yotam"
2578,"Pato and Tong,  Christina and Wu"
2579,"Bruce,  David"
2580,"Umezaki,  Kojiro"
2581,"Perapaskero,  Sapo"
2582,"Yanov-Yanovsky,  Dmitri"
2583,"Yan,  Hai-Deng"
2584,"Zhao,  Lin"
2585,"West,  Benjamin"
2586,"Ezekwenna,  Chibuzo ""Chi-chi"""
2587,"Kravath,  Lilly"
2588,"Lubetsky,  Maya"
2589,"Siguencia,  Marvin"
2590,"Tom,  Emma"
2591,"Aho,  Kalevi"
2592,"Zivkovic,  Djuro"
2593,"Tournier,  Marcel"
2594,"Escaich,  Thierry"
2595,"Montalti,  Vittorio"
2596,"Sciarrino,  Salvatore"
2597,"Francesconi,  Luca"
2598,"Tobias,  Charles"
2599,"Franklyn,  Milt"
2600,"Stalling,  Carl  W."
2601,"Livingston,  Alan"
2602,"Lennertz,  Christopher"
2603,"Mochizuki,  Misato"
2604,"Liu,  Tianhua"
2605,"Glanert,  Detlev"
2606,"Dessner and Parry,  Bryce and Richard Reed"
2607,"Pryor,  Arthur"
2608,"Medtner,  Nikolai"
2609,"Mallonee [Mallonée],  Caroline"
2610,"Soper,  Kate"
2611,"Schoenberg,  Adam"
2612,"Heidelberger,  Nathan"
2613,"Trifonov,  Daniil"
2614,"Van Heusen,  Jimmy"
2615,"Coleman,  Cy"
2616,"Mercer,  Johnny"
2617,"Silvers,  Dolores Vicki"
2618,"Mann,  David"
2619,"Haggart,  Bob"
2620,"Mostel,  Raphael"
2621,"Handel/ Mason,  George/Lowell"
2622,"Coletti,  Christopher"
2623,"Hudson,  Caleb"
2624,"Riese,  Mark"
2625,"Williams,  Pharrell"
2626,"Simons,  Moises"
2627,"Novacek,  John"
2628,"Rodine,  Saevar"
2629,"Egan,  Elizabeth"
2630,"Paunio,  Pyry"
2631,"Harris,  Gavin"
2632,"Villegas,  Mondriana"
2633,"Rankin,  Rimari"
2634,"Juarez,  Demicis"
2635,"Heidrich,  Peter"
2636,"Gang and He,  Chen and Zhanhao"
2637,"Westhoff,  Johann  Paul von"
2638,"Kovacs [Kovács],  Bela [Béla]"
2639,"Yuste Moreno,  Miguel"
2640,"Ewald,  Victor"
2641,"Colombier,  Michel"
2642,"Cohen,  Lenoard"
2643,"Botti,  Chris"
2644,"Page, Plant, and Bonham,  Jimmy, Robert, and John"
2645,"Foster,  David"
2646,"Mitchell,  Willie"
2647,"Krawczyk,  Franck"
2648,"Sabat,  Marc"
2649,"Ergun,  Cenk"
2650,"Grey,  Mark"
2651,"Aucoin,  Matthew"
2652,"Cerrone,  Chris"
2653,"Kline,  Phil"
2654,"Ludwig,  David"
2655,"Kahane,  Gabriel"
2656,"Lash,  Hannah"
2657,"Purrington,  Hilary"
2658,"Johnson,  John  Rosamund"
2659,"Adams,  Samuel"
2660,"Di Castri,  Zosha"
2661,"Gordon,  Michael"
2662,"Bielawa,  Lisa"
2663,"Dessner,  Bryce"
2664,"Rountree,  Christopher"
2665,"Sivan,  Noam"
2666,"Barrière ,  Jean-Baptiste"
2667,"Hodge,  Huck"
2668,"Lara,  Felipe"
2669,"Barry,  Gerald"
2670,"Braxton,  Tyondai"
2671,"Jacobson,  Colin"
2672,"Hartonen,  Aino"
2673,"Won,  Taehyun"
2674,"Ng,  Aidan"
2675,"Negron,  Angelica"
2676,"Andrade,  Angie"
2677,"Higdon,  Jennifer"
2678,"Fure,  Ashley"
2679,"Gosfield,  Annie"
2680,"Hirsch/Lanz,  Shelley/Joke"
2681,"Dempster,  Thomas"
2682,"Eckert,  Gerald"
2683,"Lee,  Damon"
2684,"Laub,  Fernando"
2685,"Babcock,  Andrew"
2686,"Leon,  Tania"
2687,"Hembree,  Paul"
2688,"Patrono,  Clelia"
2689,"Jones,  Jeremie"
2690,"Einbond,  Aaron"
2691,"Walters,  Andrew"
2692,"Schedel,  Margaret"
2693,"Vakeva,  Kari"
2694,"Bailey,  Christopher"
2695,"Frankel,  Ari"
2696,"Kim,  HanNa"
2697,"Ueno,  Ken"
2698,"Nichols,  Charles"
2699,"Fritts,  Lawrence"
2700,"Evans,  Eric"
2701,"Niblock,  Phill"
2702,"PUBLIQuartet,"
2703,"Norpoth,  John-Paul/Jannina"
2704,"Zaki,  Mark"
2705,"Cline,  Nicholas"
2706,"Wright,  Maurice"
2707,"Szymanski,  Fred"
2708,"Hoffman,  Elizabeth"
2709,"Howe,  Hurbert"
2710,"Ainger,  Marc"
2711,"von Reusner,  Clemens"
2712,"Luhmann,  Grant"
2713,"Hass,  Jeffrey"
2714,"Nichols,  John"
2715,"Kramer,  Reiner"
2716,"Moore,  Ted"
2717,"Thomas,  Paul  David"
2718,"Clausen,  Joshua"
2719,"Lyon,  Eric"
2720,"Cunningham,  Stuart"
2721,"Dashow,  James"
2722,"Grippe,  Ragnar"
2723,"Wang,  Tuo"
2724,"Gatti,  Paolo"
2725,"Cerar/Borissov,  Maja/Liubo"
2726,"Otani,  Yasuhiro"
2727,"Li,  Wuan-chin"
2728,"Mailman,  Joshua"
2729,"Gogins,  Michael"
2730,"Kotcheff,  Thomas"
2731,"Stark,  Christopher"
2732,"Kihlstedt,  Carla"
2733,"Bleckmann,  Theo"
2734,"Shaw,  Caroline"
2735,"Kouyoumdjian,  Mary"
2736,"Jacobsen,  Colin"
2737,"Alexander,  Lucas"
2738,"Qian,  Yibing"
2739,"Ranjbaran,  Behzad"
2740,"Lenon/McCartney,  John/Paul"
2741,"Renie [Renié],  Henriette"
2742,"Graham,  Peter"
2743,"Pascuzzi,  Gregory"
2744,"Gates,  Dorothy"
2745,"Anonymous,"
2746,"Leidzen,  Erik"
2747,"Araujo,  Benjamin"
2748,"Estrella,  Marisol"
2749,"Hata,  Yusei"
2750,"Rabiu,  Isai"
2751,"Gontarcyk,  Nikita"
2752,"Weerakkody,  Suvani"
2753,"Hurlstone,  William"
2754,"Malin and Cordero,  Leslie and Percaiz"
2755,"Tzu,  Huang"
2756,"Thomas,  Michael  Tilson"
2757,"Broughton,  Bruce"
2758,"Davies,  Tansy"
2759,"Thorvaldsdottir,  Anna"
2760,"Bjork [Björk],"
2761,"Wubbels,  Eric"
2762,"Pluta,  Sam"
2763,"Fulmer,  David"
2764,"Azmeh,  Kinan"
2765,"Perez,  Edward"
2766,"Feng,  Shuya"
