1,"composerName"
2,"Beethoven,  Ludwig  van"
3,"Weber,  Carl  Maria Von"
4,"Hummel,  Johann"
5,"Rossini,  Gioachino"
6,"Mozart,  Wolfgang  Amadeus"
7,"Kalliwoda,  Johann  W."
8,"Bellini,  Vincenzo"
9,"Romberg,  Bernhard"
10,"Pacini,  Giovanni"
11,"Onslow,  George"
12,"Thalberg,  Sigismond"
13,"Herz,  Henri"
14,"Lindpaintner,  Peter  Von"
15,"Haydn,  Franz  Joseph"
16,"Mendelssohn,  Felix"
17,"Spohr,  Louis"
18,"Nini,  Alessandro"
19,"Donizetti,  Gaetano"
20,"Reicha,  Antoine(-Joseph)"
21,"Herold,  Louis  Joseph Ferdinand [Hérold]"
22,"Bochsa,  Robert  N. C."
23,"Vieuxtemps,  Henri"
24,"Marschner,  Heinrich  August"
25,"Bennett,  William  Sterndale"
26,"Meyerbeer,  Giacomo"
27,"Ries,  Ferdinand"
28,"Kreutzer,  Conradin"
29,"Cherubini,  Luigi"
30,"Mercadante,  Giuseppe  Saverio"
31,"Traditional,"
32,"Heller,  Stephen [István]"
33,"Mehul [Méhul],  Etienne  Nicolas"
34,"Loder,  George, Jr."
35,"Beriot,  Charles-Auguste  de"
36,"Reissiger,  Karl  Gottlieb"
37,"Furstenau,  Anton  Bernhard"
38,"Berlioz,  Hector"
39,"Verdi,  Giuseppe"
40,"Chopin,  Frédéric"
41,"Bristow,  George  Frederick"
42,"Hiller,  Ferdinand"
43,"Eisenhofer,  Franz  Xaver"
44,"Dussek,  Jan  Ladislav"
45,"Moscheles,  Ignaz"
46,"Lachner,  Franz"
47,"Gade,  Niels"
48,"Jacobi,  Frederick"
49,"Granz,  Norman"
50,"Schmitz,  Henry"
51,"Schumann,  Robert"
52,"Costa,  Sir  Michael"
53,"Nicholson,  Charles"
54,"Maurer,  Ludwig  Wilhelm"
55,"Benedict,  Jules"
56,"Fuchs,  H."
57,"Schubert,  Franz"
58,"David,  Ferdinand"
59,"Spontini,  Gasparo"
60,"Heinemeyer,  Ernst  Wilhelm"
61,"Dancla,  Jean  Charles"
62,"Wallace,  William  Vincent"
63,"Litolff,  Henry  Charles"
64,"Kalkbrenner,  Friedrich [Frédéric]"
65,"Haase,  Carl  F.W."
66,"Abt,  Franz"
67,"Gumbert,  Friedrich  Adolf"
68,"Paganini,  Nicolò"
69,"Fesca,  Alexander  (Ernst)"
70,"Lobe,  Johann  Christian"
71,"Mason,  William"
72,"Gockel,  August"
73,"Bordese,  Luigi"
74,"Parish-Alvars,  Elias"
75,"Handel,  George  Frideric"
76,"Lortzing,  Albert"
77,"Schneider,  Johann  C. Friedrich"
78,"Baumann,  F."
79,"Eisfeld,  Theodore"
80,"Sainton,  Prosper"
81,"Schreiber,  Louis"
82,"Wagner,  Richard"
83,"Mollenhauer,  Friedrich"
84,"Gluck,  Christoph  Willibald"
85,"Dessauer,  Josef"
86,"Goldbeck,  Robert"
87,"Rode,  Jacques  Pierre Joseph"
88,"Henselt,  Adolf  Von"
89,"Gottschalk,  Louis  Moreau"
90,"Schindelmeisser,  Ludwig"
91,"Ernst,  Heinrich  Wilhelm"
92,"Rietz,  Julius"
93,"Goltermann,  Georg  Eduard"
94,"Servais,  Adrien  Francois"
95,"Nicolai,  Otto"
96,"Topliffe,"
97,"Field,  John"
98,"Rubinstein,  Anton"
99,"Liszt,  Franz"
100,"Arne,  Thomas"
101,"Napoleon,  Arthur"
102,"Stigelli,  Giorgio"
103,"Satter,  Gustave"
104,"Auber,  Daniel-François"
105,"Haertel,  A."
106,"Kummer,  Friedrich  August"
107,"Mollenhauer,  Edward"
108,"Tedesco,  Ignaz  Amadeus"
109,"Lubeck,  Ernst"
110,"Saar,  Wiiliam"
111,"Lucas,"
112,"Shaw,  David  T."
113,"Wallace,"
114,"Hopkins,  Charles  Jerome"
115,"Otten,  William  F."
116,"Mills,  Sebastian  Bach"
117,"Verzano,"
118,"Anthem,"
119,"Stradella,  Alessandro"
120,"Brahms,  Johannes"
121,"Neukirchner,  Wenzel"
122,"Lipinsky,  Karl  Joseph"
123,"Bach,  Johann  Sebastian"
124,"Clapisson,  Antoine  Louis"
125,"Bergner,  Frederick"
126,"Gounod,  Charles"
127,"Artot,  Alexandre"
128,"Esser,  Heinrich"
129,"Evers,  Carl"
130,"Flotow,  Friedrich  Von"
131,"Hohnstock,  Carl"
132,"Ritter,  Frederic  Louis"
133,"Alard,  Jean  Delphin"
134,"Palestrina,  Giovanni  Da"
135,"Bargiel,  Woldemar"
136,"Prume,  Jehin"
137,"Wehli,  James  M."
138,"Burgmuller,  Norbert"
139,"Volkmann,  Friedrich  Robert"
140,"Bruch,  Max"
141,"Veit,  Wenzel  Heinrich"
142,"Kinkel,  Johanna"
143,"Catel,  Charles  Simon"
144,"Bull,  Ole"
145,"Rizzo,  Giovanni  Battista [Riccio]"
146,"Raff,  Joachim"
147,"Goldmark,  Karl"
148,"Bergmann,  Carl"
149,"Reinecke,  Carl"
150,"Dachauer,  Louis"
151,"Heinefetter,  Wilhelm"
152,"Boieldieu,  François-Adrien"
153,"Frey,  M."
154,"Erdmannsdorfer,  Max  Von"
155,"Pinsoti,"
156,"Matzka,  George"
157,"Grimm,  Julius  Otto"
158,"Dietrich,  Albert  Hermann"
159,"Lassen,  Eduard"
160,"Damrosch,  Leopold"
161,"Bulow,  Hans  Von"
162,"Pfeffer,  Walter"
163,"Metzdorff,  Richard"
164,"Tchaikovsky,  Pyotr  Ilyich"
165,"Rameau,  Jean-Philippe"
166,"Leschetizky,  Theodor"
167,"Saint-Saens [Saint-Saëns],  Camille"
168,"Fuchs,  Robert"
169,"Bronsart,  Hans  Von"
170,"Wilhelmj,  August  Daniel Ferdinand"
171,"Svendsen,  Johan"
172,"Glinka,  Mikhail"
173,"Grieg,  Edvard"
174,"Sarasate,  Pablo  de"
175,"Bazzini,  Antonio"
176,"Boccherini,  Luigi"
177,"Soderman [Söderman],  August"
178,"Pergolesi,  Giovanni  Battista"
179,"Scharwenka,  Franz  Xaver"
180,"Brull,  Ignaz"
181,"Kiel,  Friedrich"
182,"Curschmann,  Karl  Friedrich"
183,"Schumann,  Clara"
184,"Franz,  Robert"
185,"Bruckler,  Hugo"
186,"Jommelli,  Niccolò"
187,"Reinhold,  Hugo"
188,"Bizet,  Georges"
189,"Fischer,  Adolf"
190,"Dvorak,  Antonín"
191,"Rossi,  Francesco"
192,"Rheinberger,  Joseph"
193,"Huber,  Hans"
194,"Goetz,  Hermann"
195,"Cowen,  Sir  Frederic  Hymen"
196,"Lotti,  Antonio"
197,"Gradener [Grädener],  Hermann"
198,"Thomas,  Ambroise"
199,"Mackenzie,  Alexander  C."
200,"Tartini,  Giuseppe"
201,"Widor,  Charles  Marie"
202,"Henschel,  Sir  George"
203,"Stanford,  Sir  Charles  Villiers"
204,"Molique,  Wilhelm  Bernhard"
205,"Massenet,  Jules"
206,"Strauss,  Richard"
207,"Nicode [Nicodé],  Jean  Louis"
208,"Draeseke,  Felix"
209,"Wieniawski,  Henri"
210,"Krug,  Arnold"
211,"Bruckner,  Anton"
212,"Lalo,  Edouard"
213,"Scholz,  Bernhard  E."
214,"Bird,  Arthur"
215,"Hartmann,"
216,"Herbert,  Victor"
217,"Gretry [Grétry],  Andre [André]  Ernest Modeste"
218,"Franchetti,  Baron  Alberto"
219,"D'Albert,  Eugen"
220,"Smetana,  Bedrich"
221,"Reyer,  Ernest"
222,"Paine,  John  Knowles"
223,"Lassus,  Orlande  De"
224,"Moszkowski,  Moritz"
225,"Burmeister,  Richard"
226,"Joachim,  Joseph"
227,"Delibes,  Léo"
228,"Chaminade,  Cécile"
229,"Bemberg,  Herman"
230,"Jensen,  Adolf"
231,"Schutz,  Heinrich"
232,"Damrosch,  Walter"
233,"Scharwenka,  Philipp"
234,"Koch,  Friedrich  E."
235,"Beach,  Amy"
236,"Gilson,  Paul"
237,"Godard,  Benjamin"
238,"Klughardt,  August"
239,"Strong,  George  Templeton"
240,"Parry,  Sir  Charles  Hubert H."
241,"Korbray,  Francis  Alexander"
242,"Sinding,  Christian"
243,"Somervell,  Sir  Arthur"
244,"Cornelius,  Peter"
245,"Haynes,  Walter  Battison"
246,"Humperdinck,  Engelbert"
247,"MacDowell,  Edward  A."
248,"Rudorff,  Ernst"
249,"Martini,  Giovanni  Battista"
250,"Paderewski,  Ignacy  Jan"
251,"Schillings,  Max  Von"
252,"Chadwick,  George  Whitefield"
253,"Lamond,  Frederic"
254,"Elgar,  Sir  Edward"
255,"Morley,  Thomas"
256,"Sullivan,  Sir  Arthur  Seymour"
257,"Rucken,"
258,"Storck,"
259,"Strauss,  Josef"
260,"Wood,  Mary  Knight"
261,"Leoncavallo,  Ruggero"
262,"Kelley,  Edgar  Stillman"
263,"Arditi,  Luigi"
264,"Schytte,  Ludvig"
265,"Guilmant,  Alexander"
266,"Zoellner,  Heinrich"
267,"Sieveking,  Martinus"
268,"Brockway,  Howard"
269,"Borodin,  Alexander"
270,"Tosti,  Francesco  Paolo"
271,"Strauss,  Johann, II"
272,"Balfe,  Michael  William"
273,"Novacek,  Ottokar  (Eugen)"
274,"Wagner,  Siegfried"
275,"Glazunov,  Alexander"
276,"Huss,  Henry  Holden"
277,"Weingartner,  Felix"
278,"Dubois,  Theodore"
279,"Nevin,  Ethelbert"
280,"Charpentier,  Gustave"
281,"Calvisius,  Sethus"
282,"Praetorius,  Michael"
283,"Gruber,  Franz  Xaver"
284,"Foote,  Arthur"
285,"Van Der Stucken,  Frank"
286,"Alsneff,"
287,"Popper,  David"
288,"Saar,  Louis  Victor"
289,"Scarlatti,  Domenico"
290,"Guiraud,  Ernest"
291,"Bruneau,  Alfred"
292,"Suk,  Josef"
293,"Purcell,  Henry"
294,"Rimsky-Korsakov,  Nikolai"
295,"Loewe,  Johann  Carl"
296,"Parker,  Horatio"
297,"Vilbac,  Alphonse Charles Renaud  de"
298,"Thome [Thomé],  Francis"
299,"Chabrier,  Emmanuel"
300,"Bayer,  Joseph"
301,"Waldteufel,  Emil"
302,"Czibulka,  Alphons"
303,"Sousa,  John  Philip"
304,"Fahrbach,  Philipp"
305,"Ganne,  Louis"
306,"Ketterer,  Eugène"
307,"Musorgsky,  Modest"
308,"Ziehrer,  Carl  Michael"
309,"Franck,  César"
310,"Mascagni,  Pietro"
311,"Strauss,  Johann, Sr."
312,"Jessel,  Leon"
313,"Tcherepnin,  Nikolai"
314,"Gillet,  Ernest"
315,"Suppe [Suppé],  Franz  Von"
316,"Lacombe,  Louis"
317,"Schenck,  Elliott"
318,"Keler-Bela [Kéler-Béla],"
319,"Oberthur,  Charles"
320,"Kretschmar,  Edmund"
321,"Pirani,  Eugenio  di"
322,"Blon,  Franz  von"
323,"Bendel,  Franz"
324,"Burckhardt,  J."
325,"Puccini,  Giacomo"
326,"Nesvadba,  Josef"
327,"Nessler,  Viktor  Ernst"
328,"Popp,"
329,"Johns,  Clayton"
330,"Gungl [Gung'l],  Joseph"
331,"Ries,  Franz"
332,"Westerhout,  Nicola  van"
333,"Bohm,  Carl"
334,"Ochs,  Siegfried"
335,"Kempter,  Lothar"
336,"Hausegger,  Siegmund  von"
337,"Hadley,  Henry  Kimball"
338,"Sibelius,  Jean"
339,"Caetani,  Roffredo"
340,"Monsigny,  Pierre  Alexandre"
341,"Pfeiffer,  Georges  Jean"
342,"Perilhou,  Albert"
343,"Hegner,  Anton"
344,"Thomas,  Arthur  Goring"
345,"Von Blon,  Franz"
346,"Schumann,  Georg"
347,"Klein,  Bruno  Oscar"
348,"Artsibushev,  Nikolai  Vassilievitch"
349,"Vitols,  Jazeps"
350,"Lyadov,  Anatoli"
351,"Sokolov,  Nikolai  Alexandrovich"
352,"Unknown,"
353,"Bassani,  Giovanni  Battista"
354,"Duparc,  Henri"
355,"Mahler,  Gustav"
356,"Friml,  Rudolf"
357,"Improvisation,"
358,"Lully,  Jean  Baptiste"
359,"Hofmann,  Josef"
360,"Debussy,  Claude"
361,"Sgambati,  Giovanni"
362,"Chausson,  Ernest"
363,"Roentgen [Röntgen],  Julius"
364,"Wolf,  Hugo"
365,"Ysaye,  Eugène"
366,"Giordano,  Umberto"
367,"Eckert,  Karl"
368,"Indy,  Vincent  d'"
369,"Vidal,  Paul  Antonin"
370,"Jongen,  Joseph"
371,"Loeffler,  Charles  Martin"
372,"De Fontenailles,  Henri"
373,"Wekerlin,  Jean-Baptiste"
374,"Boellmann,  Leon"
375,"Weber-Berlioz,"
376,"Lindner,  August"
377,"Demantius,  Christoph"
378,"Louis XIII,"
379,"Converse,  Frederick  S."
380,"German,  Edward"
381,"Reznicek,  Emil  Nikolaus von"
382,"Lyapunov,  Sergius  Mikhailovich"
383,"Scriabin,  Alexander"
384,"Kreisler,  Fritz"
385,"Metzl,  Vladimir"
386,"Folk Song,"
387,"Lvov,  Alexey"
388,"Schelling,  Ernest"
389,"Stewart,  Humphrey  J."
390,"Faure [Fauré],  Gabriel-Urbain"
391,"Pierne [Pierné],  Gabriel"
392,"Wolff,"
393,"Glaassen,  A."
394,"Wengert,  Jules"
395,"Pache,  J."
396,"Unspecified,"
397,"Stahlberg,  Fritz"
398,"Quilter,  Roger"
399,"Ravel,  Maurice"
400,"Dukas,  Paul"
401,"Rachmaninoff,  Sergei"
402,"Victoria,  Tomás  Luis de"
403,"Arcadelt,  Jacques"
404,"Sweelinck,  Jan  Pieterszoon"
405,"Vecchi,  Orazio"
406,"Gretchaninoff,  Alexander"
407,"Scudrei,  Salvatore"
408,"Giordani,  Giuseppe"
409,"Fiedler,  Max"
410,"Bull,  John"
411,"Farnaby,  Giles"
412,"Busoni,  Ferruccio"
413,"Durante,  Francesco"
414,"Schreck,  Gustav"
415,"Pluddemann,"
416,"Pfitzner,  Hans"
417,"Delius,  Frederick"
418,"Stock,  Frederick  A."
419,"Kaun,  Hugo"
420,"Wade,  John  Francis"
421,"Corner,  Dr.  David  Gregor"
422,"Redner,  Lewis"
423,"Enesco,  Georges"
424,"Spross,  Charles  Gilbert"
425,"Cadman,  Charles  Wakefield"
426,"Sinigaglia,  Leone"
427,"Martucci,  Giuseppe"
428,"Bossi,  Marco  Enrico"
429,"Kolar,  Victor"
430,"Stojowski,  Sigismond"
431,"Tinel,  Edgar"
432,"Laucella,  Nicola"
433,"Stange,  Max"
434,"Gevaert,  François-Auguste"
435,"Othegraven,  August  von"
436,"Schjelderup,  Gerhard"
437,"Van Der Pals,  Leopold"
438,"Fibich,  Zdenko"
439,"Tertius-Noble,  Thomas"
440,"Pointer,  John"
441,"Broome,  Edward"
442,"Witt,  Friedrich"
443,"Reger,  Max"
444,"Thuille,  Ludwig"
445,"Boyle,  George  Frederick"
446,"Vivaldi,  Antonio"
447,"Wolf-Ferrari,  Ermanno"
448,"Nowowiejski,  Felix"
449,"Hue [Huë],  Georges  Adolphe"
450,"Ritter,  Alexander"
451,"Coleridge-Taylor,  Samuel"
452,"Esposito,  Michele"
453,"Clay,  Spencer"
454,"Marshall,  Charles"
455,"Graener,  Paul"
456,"Korngold,  Erich"
457,"Leclair,  Jean  Marie"
458,"Gernsheim,  Friedrich"
459,"Viotti,  Giovanni  Battista"
460,"Caccini,  Giulio"
461,"Philidor,  Francois-Andre"
462,"Brown,  Wilson"
463,"Lie,  Sigurd"
464,"Glibert,"
465,"La Forge,  Frank"
466,"Stransky,  Josef"
467,"Lange,"
468,"Schulz,  Leo"
469,"Hughes,  Herbert"
470,"VARIOUS,"
471,"Ambrose,  Paul"
472,"Manney,  Charles  Fonteyn"
473,"Rathbone,  George"
474,"Gardiner,  Henry  Balfour"
475,"Alcock,  Gilbert"
476,"Knight,  G.  H."
477,"Fanelli,  Ernest"
478,"Halevy [Halévy],  Fromental"
479,"Gilbert,  Henry  F."
480,"Humiston,  William  Henry"
481,"Dalayrac,  Nicolas-Marie"
482,"Dykes,  John  Bacchus"
483,"Zandonai,  Riccardo"
484,"Harris,  Joel  Chandler"
485,"Coolidge,  Elizabeth  Sprague"
486,"Rickett,  Edmond"
487,"Ingraham,  George"
488,"Lekeu,  Guillaume"
489,"Bantock,  Granville"
490,"Jarnefelt [Järnefelt],  Armas"
491,"Roger-Ducasse,  Jean"
492,"Ropartz,  Joseph  Guy"
493,"Lang,  Margaret  R."
494,"Demonstration,"
495,"Fleck,  Fritz"
496,"Noren,  Heinrich  Gottlieb"
497,"Romberg,  Sigmund"
498,"Green,  Arthur  N."
499,"Costa,  G."
500,"Secchi,  Antonio"
501,"Koechlin,  Charles"
502,"Offenbach,  Jacques"
503,"Rubetz,  A.  T."
504,"Grainger,  Percy"
505,"Roussel,  Albert"
506,"Stravinsky,  Igor"
507,"Monteverdi,  Claudio"
508,"Bungert,  August"
509,"Schmitt,  Florent"
510,"Sullivan,  Archibald  Beresford"
511,"Sendrey,  Alfred"
512,"Bruhns,  Arthur"
513,"Falck,  Edward"
514,"Peel,"
515,"Barrere [Barrère],  Georges"
516,"Caplet,  Andre [André]"
517,"Kjerulf,  Halfdan"
518,"Kahn,  Robert"
519,"Burck,  Henry"
520,"Wolff,  Eric"
521,"Hermann,  Hans"
522,"Rummel,  Walter  Morse"
523,"Neidlinger,  William  Harold"
524,"Wells,  John  Barnes"
525,"Brewer,  Sir  Alfred  Herbert"
526,"Carpenter,  John  Alden"
527,"Hinton,  Arthur"
528,"Lieurance,  Thurlow"
529,"Rogers,  James  H."
530,"Mayseder,  Joseph"
531,"Maryon,  Edward"
532,"Schoenberg,  Arnold"
533,"Dargomiszky,  Alexander"
534,"Aubert,  Louis"
535,"Barnaby,  Gunn"
536,"Adam,  Adolphe  Charles"
537,"Godowsky,  Leopold"
538,"Severn,  Edmund"
539,"Campbell-Tipton,  Louis"
540,"Scott,  Cyril"
541,"Mason,  Daniel  Gregory"
542,"Bingham,  Seth"
543,"Kalinnikov,  Vassili"
544,"Smith,  David  Stanley"
545,"Horsman,  Edward  Imeson, Jr."
546,"Lehmann,  Liza"
547,"Sharp,  Earl  Cranston"
548,"Horn,  Charles  Edward"
549,"Lange,  Samuel  de, Jr."
550,"Kramer,  Alex  Walter"
551,"Taylor,  Deems"
552,"Merikanto,  Oskar"
553,"Palmgren,  Selim"
554,"Riedel,  Karl  Heinrich"
555,"Wilbye,  John"
556,"Battishill,  Jonathan"
557,"Ponchielli,  Amilcare"
558,"Ivanovici,  Ion"
559,"Johnstone,  Maurice"
560,"Loomis,  Harvey  Worthington"
561,"Rogers,  Frederic"
562,"Burleigh,  Henry [Harry]  Thacker"
563,"Clough-Leighter,  Henry"
564,"Floridia,  Pietro"
565,"Fletcher,  Percy"
566,"Ware,  Harriet"
567,"Lohr [Löhr],  Herman"
568,"Salter,"
569,"Mollison,"
570,"Russell,"
571,"Leroux,  Xavier  Henry Napoleon"
572,"Granados,  Enrique"
573,"Sibella,  Gabrielle"
574,"Rabaud,  Henri"
575,"Zimbalist,  Efrem"
576,"Hegar,  Friedrich"
577,"Reinthaler,  Karl"
578,"Mair,  Franz"
579,"Elsenheimer,  N.  J."
580,"Goldmark,  Rubin"
581,"Vogrich,  Max  Wilhelm Karl"
582,"David,  Felicien  Cesar"
583,"Georges,  Alexandre"
584,"Otterstrom,  Thorvald"
585,"McCabe,  James  J."
586,"Woodman,  Raymond  Huntington"
587,"Steffe,  William"
588,"Foster,  Stephen  Collins"
589,"Homer,  Sidney"
590,"Stokowski,  Leopold"
591,"Osgood,  James  R."
592,"Bridge,  Frank"
593,"Hubay,  Jeno"
594,"Whithorne,  Emerson"
595,"Bloch,  Ernest"
596,"Redhead,  Richard"
597,"Stillman-Kelley,  Edgar"
598,"Fourdrain,  Félix  Alfred"
599,"Arensky,  Anton  Stepanovich"
600,"Mana Zucca,"
601,"McFadyen,"
602,"Sans Souci,  Gertrude"
603,"Chiaffarelli,  Albert"
604,"Hill,  Edward  Burlingame"
605,"Sowerby,  Leo"
606,"Dvorsky,  Michel"
607,"Smith,  John  Stafford"
608,"Lisle,  Claude-Joseph  R. De"
609,"Greef,  Arthur  De"
610,"Geral,"
611,"Wilson,  Mortimer"
612,"Messager,  Andre [André]  Charles Prosper"
613,"Ippolitov-Ivanov,  Mikhail"
614,"Bourk,  Richard  C."
615,"Sabata,  Victor  De"
616,"Sweet,  Reginald"
617,"Boulanger,  Lili"
618,"Lorenziti,  Bernard"
619,"Strube,  Gustav"
620,"Borowski,  Felix"
621,"Casella,  Alfredo"
622,"Mouquet,  Jules"
623,"Respighi,  Ottorino"
624,"Powell,  John"
625,"Ganz,  Rudolph"
626,"Morris,  Harold"
627,"Cutler,  Henry  Stephen"
628,"Benoit,  Peter"
629,"Bartok [Bartók],  Béla"
630,"Dupont,  Gabriel"
631,"Rogers,  Bernard"
632,"McKinley,  Carl"
633,"Turina,  Joaquin"
634,"Novak,  Vitezslav"
635,"Griffes,  Charles  Tomlinson"
636,"Pierce,  Seneca"
637,"Hageman,  Richard"
638,"Lazzari,  Sylvio"
639,"Steinberg,  Maximilian"
640,"Maxwell,  Elsa"
641,"Speaks,  Oley"
642,"X,  Alfonso"
643,"Boito,  Arrigo"
644,"Riesenfeld,  Hugo"
645,"Tommasini,  Vincenzo"
646,"Albeniz [Albéniz],  Isaac"
647,"Maloof,  A."
648,"Sachnowsky,  G."
649,"Lieber,  Arthur"
650,"Malipiero,  Gian  Francesco"
651,"Kekeu,"
652,"Alfven [Alfvén],  Hugo"
653,"Gliere [Glière],  Reinhold"
654,"Vaughan Williams,  Ralph"
655,"Labate,  Bruno"
656,"Yon,  Pietro  Alessandro"
657,"Grant,"
658,"O'Hara,  Geoffrey"
659,"Parbury,"
660,"Wagenaar,  Johan"
661,"Dohnanyi,  Erno  von"
662,"Corelli,  Arcangelo"
663,"Thrane,  Waldemar"
664,"Leoni,  Franco"
665,"Gruenberg,  Louis"
666,"Faccio,  Franco"
667,"Skilton,  Charles  Sanford"
668,"Berners,  Lord"
669,"Karlowicz,  Mieczyslaw"
670,"Lalande,  Michel-Richard  De"
671,"Le Flem,  Paul"
672,"Holst,  Gustav"
673,"Williams,  John  Gerard"
674,"Prokofiev,  Sergei"
675,"Philippe,"
676,"Hammond,  William  G."
677,"Goossens,  Eugene"
678,"Leginska,  Ethel"
679,"Vittoria,  Tomasso"
680,"Kallinnikof,  Ivanof"
681,"Waddington,  Samuel  P."
682,"Rogers,"
683,"Pizzetti,  Ilderbando"
684,"Dopper,  Cornelius"
685,"Diepenbrock,  Alphons"
686,"Goudoever,  H.D.  van"
687,"Faning,  Eaton"
688,"Scalero,  Rosario"
689,"Mengelberg,  Willem"
690,"Watts,  Wintter"
691,"Dunham,  Henry  M."
692,"Hosmer,  Lucius"
693,"Breil,  Joseph  C."
694,"Halvorsen,  Johan"
695,"Luigini,  Alexandre"
696,"Dunn,  James  Philip"
697,"Langley,  Allan  Lincoln"
698,"Weiner,  Leo"
699,"Savine,  Alexander"
700,"Bach,  Carl  Philipp Emanuel"
701,"Fairchild,  Blair"
702,"Costeley,  Guillaume"
703,"Moya,  Antoni  Perez"
704,"Donostia,  Padre  (San Sebastian, P. Jose Antonio ne Zulaica)"
705,"Romen,  Louis"
706,"Buck,  Dudley"
707,"Wetzler,  Hermann  Hans"
708,"Anrooy,  Peter  G. Van"
709,"Burgmein,  J."
710,"Rebikov,  Vladimir  Ivanovich"
711,"Schreker,  Franz"
712,"Toch,  Ernst"
713,"Saminsky,  Lazare"
714,"Pick-Mangiagalli,  Riccardo"
715,"Kornauth,  Egon"
716,"Riegger,  Wallingford"
717,"Kidder,  Max"
718,"Reiser,  Alois"
719,"Novick,  Nathan"
720,"Marcelli,  Nino"
721,"Bach, J. S. -Gounod,"
722,"Scarlatti,  Alessandro"
723,"Dale,  Benjamin  James"
724,"Falla,  Manuel  de"
725,"Saboly,  Nicolas"
726,"Schroeder,  William"
727,"Geissel,  J."
728,"Becket,  Thomas  A."
729,"Hanson,  Howard"
730,"Casadesus,  Robert"
731,"Schuecker,  Edmund"
732,"Bellison,  Simeon"
733,"Gallico,  Paolo"
734,"Andreae,  Volkmar"
735,"Mengelberg,  Rudolf"
736,"Stoessel,  Albert"
737,"Schreiner,  Alexander"
738,"Komzak,  Karl"
739,"Weismann,  Julius"
740,"Hellmesberger,  Joseph, Jr."
741,"Maganini,  Quinto"
742,"Honegger,  Arthur"
743,"Ballantine,  Edward"
744,"Luzzi,  Luigi"
745,"Lvovsky,"
746,"Telemann,  Georg  Philipp"
747,"Byrd,  William"
748,"Copland,  Aaron"
749,"Bottesini,  Giovanni"
750,"Bergson,  Michal"
751,"Ives,  Simon"
752,"Tcherepnin,  Alexander"
753,"Alvars,  Paris"
754,"Bach,  Johann  Christian"
755,"Braunfels,  Walter"
756,"Gardner,  Samuel"
757,"Tailleferre,  Germaine"
758,"Ilgenfritz,  McNair"
759,"Horst,  Louis"
760,"Mowrey,  Dent"
761,"Jonas,"
762,"Valverde,  Joaquin"
763,"Frey,  Hugo"
764,"Rieti,  Vittorio"
765,"Gebhard,  Heinrich"
766,"Tansman,  Alexandre"
767,"Poulenc,  Francis"
768,"Hindemith,  Paul"
769,"Gershwin,  George"
770,"Bax,  Sir  Arnold"
771,"Vivaldi-Bach,"
772,"Hasse,  Johann  Adolph"
773,"Valentini,  Giuseppe"
774,"Work,  Henry  Clay"
775,"Krenek,  Ernst"
776,"Gabriel-Marie,"
777,"Harling,  William  Franke"
778,"Drigo,  Riccardo"
779,"Rehfeld,"
780,"Harris,  Roy"
781,"Axt,  William"
782,"McCoy,  William  J."
783,"Collins,  Anthony"
784,"Delamarter,  Eric"
785,"Low,"
786,"Edelshtadt,"
787,"Raisin,  A."
788,"Shaeffer,  Joseph"
789,"Ibert,  Jacques"
790,"Wagenaar,  Bernard"
791,"Milhaud,  Darius"
792,"Szymanowski,  Karol"
793,"Zangius,  Nikolaus"
794,"Ives,  Charles"
795,"Gilmore,  Patrick  Sarsfield"
796,"Miaskovsky,  Nikolai"
797,"Janacek [Janácek],  Leoš"
798,"Certon,  Pierre"
799,"Abert,  Johann  Joseph"
800,"Luther,  Martin"
801,"Ward,  Samuel  Augustus"
802,"Alvarez,"
803,"Sonnett,"
804,"Tuerck,"
805,"Sturm-Biel,"
806,"Curti,"
807,"Spinelli,  Niccola"
808,"Ferroud,  Pierre  Octave"
809,"Mero,  Yolanda"
810,"Busch,  Adolf"
811,"Teschner,  Melchior"
812,"Kodaly [Kodály],  Zoltán"
813,"Brucken Fock,  Gerardus Hubertus Galenus  von"
814,"Striegler,  Kurt"
815,"Stearns,  Theodor"
816,"Kaminski,  Heinrich"
817,"Low,  Leo"
818,"Bensman,  M."
819,"Yasinowski,  P."
820,"Schaeffer,  J."
821,"Dubensky,  Arkady"
822,"Ehrenberg,  Carl  Emil Theodor"
823,"Nanino,  Giovanni  Maria"
824,"Darcieux,  Francisque"
825,"Ebeling,  Johann  Georg"
826,"Paisiello,  Giovanni"
827,"Geminiani,  Francesco"
828,"Phile,  Philip"
829,"Cui,  Cesar [César]"
830,"Halffter,  Ernesto"
831,"Espla [Esplá],  Oscar [Óscar]"
832,"Willis,  Wallis"
833,"Cimarosa,  Domenico"
834,"Lane,  Eastwood"
835,"Bowers,  Robert  Hood"
836,"Goublier,"
837,"Wachs,  Paul"
838,"Eilenberg,  Richard"
839,"Strickland,  Lily"
840,"Stoughton,  Roy  Spaulding"
841,"Bucharoff [Buchalter],  Simon"
842,"Cassado [Cassadò],  Gaspar"
843,"Atterberg,  Kurt"
844,"Berezowsky,  Nicolai"
845,"Mouret,  Jean  Joseph"
846,"Wolfe,  Jacques"
847,"Willson,  Meredith"
848,"Balakirev,  Mily  Alekseyevich"
849,"Coates,  Albert"
850,"Satie,  Erik"
851,"Fuleihan,  Anis"
852,"Bergé,  Irénée"
853,"Nevin,  Arthur"
854,"Schmidt,  Franz"
855,"Conus,  Jules"
856,"Paer,  Ferdinando"
857,"De Lamarter,  Eric"
858,"Clement [Clément],  Charles  Francois [François]"
859,"Castelnuovo-Tedesco,  Mario"
860,"Guion,  David  Wendel F."
861,"Janssen,  Werner"
862,"Riegel,  Heinrich  Joseph"
863,"Weinberger,  Jaromir"
864,"Reed,  William  Henry"
865,"Lachau,  Countess  Ada  de"
866,"Cohen,  Sol  B"
867,"Grunn,  Homer"
868,"Nerini,  Emile"
869,"Bach,  Wilhelm  Friedemann"
870,"Joslyn,  Henry"
871,"Maduro,  Charles"
872,"Berg,  Alban"
873,"Stolzel [Stölzel],  Gottfried  Heinrich"
874,"Lopatnikoff,  Nikolai"
875,"Gibbons,  Orlando"
876,"Destouches,  Andre  Cardinal"
877,"Noskowski,  Sigismund"
878,"Sammartini,  Giovanni  B."
879,"Chasins,  Abram"
880,"Shostakovich,  Dmitri"
881,"Bland,  James"
882,"Cella,  Theodore"
883,"Bennett,  Robert  Russell"
884,"Lincke,  Paul"
885,"Hively,  Wells"
886,"Stoughton,  Roy"
887,"Strauss,  Johann, Jr. & Josef"
888,"Eichheim,  Henry"
889,"Farley,  Roland"
890,"Corby,  Mabelanna"
891,"Cook,  Will  Marion"
892,"Kern,  Jerome"
893,"Handy,  William  Christopher"
894,"Johnson,  Hall"
895,"Tiomkin,  Dimitri"
896,"Bishop,  Sir  Henry  Rowley"
897,"Valerius,  Adriaen"
898,"Jensen,  Ludwig  Irgens"
899,"Moore,  Douglas  Stuart"
900,"Nin,  Joachin"
901,"Obradors,  Fernando"
902,"Ettinger,  Max"
903,"Hopkins,  John  Henry"
904,"Shepherd,  Arthur"
905,"Harty,  Hamilton"
906,"Weprik,  Alexander"
907,"Mosolov,  Alexander"
908,"James,  Philip"
909,"Braine,  Robert"
910,"Barnett,  David"
911,"Padilla,  José"
912,"Green,  John"
913,"Redman,  Donald  Matthew"
914,"Still,  William  Grant"
915,"Grofe [Grofé],  Ferde"
916,"Loeb,  John  Jacob"
917,"Ellington,  Duke"
918,"Humphrey,  Doris"
919,"Arlen,  Harold"
920,"Pimsleur,  Solomon"
921,"Levenson,  Boris"
922,"Rodriguez [Rodríguez],  Arsenio"
923,"Thompson,  Randall"
924,"Manfredini,  Francesco"
925,"Piston,  Walter"
926,"Sanders,  Robert  L."
927,"Franckenstein,  Clemens  Freiherr von und zu"
928,"Andersen,  Joachim"
929,"Blumer,  Theodore"
930,"Chavarri,  Eduardo  Lopez"
931,"Chavez [Chávez],  Carlos"
932,"Wiener,  Jean"
933,"Egk,  Werner"
934,"Gasco,  Alberto"
935,"Weill,  Kurt"
936,"Stringham,  Edwin  S."
937,"Sacchini,  Antonio"
938,"Barlow,  Samuel  Latham Mitchell"
939,"Noble,  T.  Tertius"
940,"Kelley,  Daniel"
941,"Barber,  Samuel"
942,"Sonzogno,  Giulio  Cesare"
943,"Palau Boix,  Manuel"
944,"Swift,  Kay"
945,"Dowland,  John"
946,"Sammartini,  Giuseppe"
947,"McBride,  Robert"
948,"Stamitz,  Carl"
949,"Gossec,  Francois  Joseph"
950,"Mozart,  Leopold"
951,"Piccinni,  Nicola"
952,"Smyth,  Ethel"
953,"Walton,  William"
954,"Boyce,  William"
955,"Butterworth,  George"
956,"Knecht,  Justin  Heinrich"
957,"Baerman,  Heinrich  Joseph"
958,"Pochon,  Alfred"
959,"Fiorillo,  Dante"
960,"Helfter,  Walter"
961,"Diamond,  Walter"
962,"Howe,  Mary"
963,"Kozeluch,  Leopold  Anton"
964,"Zilcher,  Hermann"
965,"Ruggles,  Carl"
966,"Martinu,  Bohuslav"
967,"Luening,  Otto"
968,"Spalding,  Albert"
969,"White,  Paul"
970,"Andre [André] ,  José"
971,"Curran,  Pearl"
972,"Del Riego,  Theresa  Clotilde"
973,"Kerby,  Paul"
974,"Espejo,  Cesar"
975,"Infante,  Manuel"
976,"Rosenmuller,  Johannes"
977,"Porter,  Quincy"
978,"Stamitz,  Johann  Wenzel Anton"
979,"Dittersdorf,  Karl  Von"
980,"Forsyth,  Cecil"
981,"Barbirolli,  John"
982,"Binet,  Jean"
983,"Jora,  Mihail"
984,"Otesco,  Nonna"
985,"Gabrieli,  Giovanni"
986,"Nordoff,  Paul"
987,"Mihalovici,  Marcel"
988,"Denza,  Luigi"
989,"Blanchet,  Emile  R."
990,"Stringfield,  Lamar"
991,"McDonald,  Harl"
992,"Acqua,  Eva dell'"
993,"Soler,  Padre"
994,"Fuerst,  Eugene"
995,"Dinicu,  Grigoras"
996,"Vitali,  Giovanni  Battista"
997,"Farwell,  Arthur"
998,"Kerr,  Harrison"
999,"Zachow,  Friedrich  Wilhelm"
1000,"Johnson,  Horace"
1001,"Josten,  Werner"
1002,"Read,  Gardner"
1003,"Gomes,  Antonio  Carlos"
1004,"Achron,  Isidor"
1005,"Daniels,  Mabel  Wheeler"
1006,"Koussevitzky,  Serge"
1007,"Gibilaro,  Alfonso"
1008,"Kremser,  Eduard"
1009,"Camilieri,  Lorenzo"
1010,"Alessandresco,  Alfred"
1011,"Golestan,  Stan"
1012,"Rogalski,  Theodor"
1013,"Andrico,  Michel  G."
1014,"Glantz,  Harry"
1015,"Bell,  William  Henry"
1016,"Ireland,  John"
1017,"Gilardi,  Girado"
1018,"Fitelberg,  Jerzy"
1019,"Moniuszko,  Stanislaw"
1020,"Rybicki,  Wojciech"
1021,"Blose,  Johann  M"
1022,"Biber,  Heinrich von"
1023,"Rossellini,  Renzo"
1024,"Rosenthal,  Moritz"
1025,"Schafer,  Dirk"
1026,"Gutman,  Arthur  H"
1027,"Gould,  Morton"
1028,"Schoenherr,  Max"
1029,"Lehar [Lehár],  Franz"
1030,"Kearney,  Peadar"
1031,"Glover,  Charles  William"
1032,"Diamond,  David"
1033,"Pillois,  Jacques"
1034,"Gregorian Chant,"
1035,"Haubiel,  Charles"
1036,"Warlock,  Peter"
1037,"Vactor,  David  Van"
1038,"Salzedo,  Carlos"
1039,"Dragoi,  Sabin  V(asile)"
1040,"Lipatti,  Dinu"
1041,"Szalowski,  Antoni"
1042,"Francaix [Françaix],  Jean"
1043,"Bonner,  Eugene  MacDonald"
1044,"Cesana,  Otto"
1045,"Reissiger,  Friedrich  August"
1046,"Alnaes,  Eyvind"
1047,"Johansen,  David  Monrad"
1048,"Wiechowicz,  Stanislaw"
1049,"Mignone,  Francisco"
1050,"Burle Marx,  Walter"
1051,"Villa-Lobos,  Heitor"
1052,"Fernandez [Fernândez],  Oscar  Lorenzo"
1053,"Perlea,  Jonel"
1054,"Martin,  Frank"
1055,"Beck,  Conrad"
1056,"Doret,  Gustave"
1057,"Bliss,  Arthur"
1058,"Catalani,  Alfredo"
1059,"Schuman,  William"
1060,"Britten,  Benjamin"
1061,"Dell'Acqua,  Eva"
1062,"Aguirre,  Julián"
1063,"Cailliet,  Lucien"
1064,"Zemachson,  Arnold"
1065,"Brun,  Fritz"
1066,"Spendiaryan,  Alexander"
1067,"Kalman [Kálmán],  Emmerich"
1068,"Marcello,  Benedetto"
1069,"Muller,  Wenzel"
1070,"Zador,  Eugen"
1071,"Kurthy,  Zoltan"
1072,"Herrmann,  Bernard"
1073,"Robinson,  Earl"
1074,"Giannini,  Vittorio"
1075,"Garcia-Estrada,"
1076,"Troiani-Bandini,"
1077,"Lopez-Buchardo,"
1078,"Oyanguren,  Julio  Martinez"
1079,"Tarrega,  Francisco"
1080,"Ugarte,  Floro  M(elitón)"
1081,"Hummel,  Ferdinand  B."
1082,"Becker,  John  J."
1083,"Spier,  La Salle"
1084,"Cowell,  Henry  Dixon"
1085,"Klemperer,  Otto"
1086,"Templeton,  Alec"
1087,"Babin,  Victor"
1088,"Bolzoni,  Giovanni"
1089,"Woltmann,  Frederick"
1090,"Zemlinsky,  Alexander"
1091,"Nabokov,  Nicolas"
1092,"Verrall,  John"
1093,"Stolz,  Robert"
1094,"Straus,  Oscar"
1095,"Holborne,  Anthony"
1096,"Portnoff,  Mischa"
1097,"Montemezzi,  Italo"
1098,"Naginski,  Charles"
1099,"Benjamin,  Arthur"
1100,"Sanjuan,  Pedro"
1101,"Creston,  Paul"
1102,"Lamonte de Grignon,  Joan"
1103,"Davies,  Sir  Walford"
1104,"Basie,  Count"
1105,"Sauter,  Eddie"
1106,"Sampson,  Edgar"
1107,"Prima,  Louis"
1108,"Baxter,  Phil"
1109,"Green,  Johnny"
1110,"Williams,  Mary Lou"
1111,"Alabieff,  Alexander"
1112,"Poldini,  Ede"
1113,"Adler,  Larry"
1114,"Katscher,  Robert"
1115,"Lee,  Dai-Keong"
1116,"Bayly,  Thomas  Haynes"
1117,"Larsson,  Lars  Erik"
1118,"Thomson,  Virgil"
1119,"Hasselmans,  Alphonse  Jean"
1120,"Zabel,  Albert  Heinrich"
1121,"Menotti,  Gian  Carlo"
1122,"Mathieu,  Andre"
1123,"Haufrecht,  Herbert"
1124,"Mohaupt,  Richard"
1125,"Vitali,  Tomaso  Antonio"
1126,"Weisgall,  Hugo"
1127,"Vosgerchien,  Luise"
1128,"Gooch,  William"
1129,"Dodworth,  Allen"
1130,"Sapp,  Allen  D."
1131,"Grunfeld [Gruenfeld],  Alfred"
1132,"Khachaturian,  Aram"
1133,"Stor,  Jean"
1134,"Brant,  Henry"
1135,"Garat,  Pierre"
1136,"Khrennikov,  Tikhon"
1137,"Cooley,  Carlton"
1138,"Elwell,  Herbert"
1139,"Harline,  Leigh"
1140,"Semmler,  Alexander"
1141,"Poot,  Marcel"
1142,"Enthoven,  Henri  Emile"
1143,"Tuthill,  Burnet"
1144,"Iturbi,  Jose"
1145,"Caturla,  Alejandro  García"
1146,"Barroso,  Ary"
1147,"Tavares,  Hekel"
1148,"Nassara-Barroso,"
1149,"Bate,  Stanley"
1150,"Violette,  Wesley  La"
1151,"Couperin,  Francois [François]"
1152,"Kabalevsky,  Dmitri"
1153,"Zimmerman,  Charles  A."
1154,"Golde,  Walter"
1155,"Crist,  Bainbridge"
1156,"Leonard,  Clair"
1157,"Kennan,  Kent"
1158,"Bacon,  Ernst"
1159,"Porter,  Cole"
1160,"Carmichael,  Hoagy"
1161,"Sieczynski,  Rudolf"
1162,"Benatzky,  Ralph"
1163,"Lessner,  George"
1164,"Borguno,  A."
1165,"Navarro,"
1166,"Breton,  Tomás"
1167,"Font,  M."
1168,"Proch,  Heinrich"
1169,"Farnon,  Robert  J."
1170,"Mueller,  Florian  F."
1171,"Steiner,  Max"
1172,"Newman,  Alfred"
1173,"Young,  Victor"
1174,"Schwartz,  Arthur"
1175,"Heusen,  James Van"
1176,"Ganin,  Kim"
1177,"Altman,  Arthur"
1178,"Warren,  Harry"
1179,"Whiting,  Richard"
1180,"Rozsa [Rózsa],  Miklós"
1181,"Hill,  Patty  and Mildred"
1182,"Gritton,  Eric"
1183,"Duke,  Vernon"
1184,"Coates,  Eric"
1185,"Rathaus,  Karol"
1186,"Guarnieri,  Camargo"
1187,"Beckett,  Wheeler"
1188,"Campra,  Andre"
1189,"Strimer,  Joseph"
1190,"Lutkin,  Peter  Christian"
1191,"Bernstein,  Leonard"
1192,"Labunski,  Felix"
1193,"Moross,  Jerome"
1194,"Verley,  Albert"
1195,"Tchesnokoff,  Pavel"
1196,"Knipper,  Lev"
1197,"Kay,  Ulysses  Simpson"
1198,"Blitzstein,  Marc"
1199,"Gotovak,  Jakov"
1200,"Tajtchevitch,  Marko"
1201,"Malotte,  Albert  Hay"
1202,"Phillips,  Burrill"
1203,"Schenk,  Robert  C."
1204,"Cohan,  George  Michael"
1205,"Wagner,  Joseph"
1206,"Clementi,  Muzio"
1207,"Wooldridge,  John"
1208,"Foss,  Lukas"
1209,"Meck,  Josef"
1210,"Kirnberger,  Johann  Philipp"
1211,"Benda,  Friedrich  Ludwig"
1212,"Haydn,  Michael"
1213,"Joseph I,"
1214,"Boehm,  Georg"
1215,"Menasce,  Jacques  De"
1216,"Klenner,  John"
1217,"Serly,  Tibor"
1218,"Kreutz,  Arthur"
1219,"Mennin,  Peter"
1220,"Schuyler,  Philippa  Duke"
1221,"Earle,  Edward"
1222,"Rodgers,  Richard"
1223,"Listov,  K."
1224,"Simon,  Nat"
1225,"Rose,  David"
1226,"Wright,  Robert"
1227,"Perez-Freire,  Osman"
1228,"Goodman,  Al"
1229,"Arndt,  Felix"
1230,"Berlin,  Irving"
1231,"Ruiz,  Gabriel"
1232,"Styne,  Jule"
1233,"Turlet,  A."
1234,"Tierney,  Harry"
1235,"Ravina,"
1236,"Pugni,  Cesare"
1237,"Malats,  Joaquin"
1238,"Eysler,  Edmund"
1239,"Lorenz,  Carl"
1240,"Goldman,  Edwin  Franko"
1241,"Adair,  Dorothy  W."
1242,"Bergsma,  William"
1243,"Barrymore,  Lionel"
1244,"Amanuensis,  A.  N."
1245,"Murray,  Lyn"
1246,"Scott,  Raymond"
1247,"Warnow,  Mark"
1248,"Anderson,  Paquita"
1249,"Andre,"
1250,"Gogliano,"
1251,"Saperton,  David"
1252,"Grever,  Maria"
1253,"Lara,  Agustín"
1254,"Freire,  Osman  Perez"
1255,"Lara,  Manuel  Manrique De"
1256,"Tucci,  Terig"
1257,"Lecuona,  Ernesto"
1258,"Penella,  Manuel"
1259,"Chueca,  Federico"
1260,"Larregla,  Joaquin"
1261,"Guizar,  Pepe"
1262,"Vallejo,"
1263,"Don Alfonso-Carriola,"
1264,"Gillis,  Don"
1265,"Veracini,  Francesco  Maria"
1266,"Kosakoff,  Reuven"
1267,"Bellini,  Renato"
1268,"Stix,  Carl"
1269,"Rangstrom,  Ture"
1270,"Napravnik (Nápravník),  Eduard  Frantsovitch"
1271,"Bodge,"
1272,"Clarke,  Robert  Coningsby"
1273,"Rolla,  Allesandro"
1274,"Nero,  Paul"
1275,"Ronald,  Langdon"
1276,"Addinsell,  Richard"
1277,"Tarenghi,  Mario"
1278,"Rose,  Peter de"
1279,"MacHugh,  Jimmy"
1280,"Youmans,  Vincent"
1281,"Meacham,  Frank  W."
1282,"Souvaine,  Henry"
1283,"Boskerck,  Francis Saltus  Van"
1284,"Mossman,  Ted"
1285,"D'Artega,  (Alfonso)"
1286,"Reddick,  William"
1287,"Manna Zucca,"
1288,"Eiger,"
1289,"Smith,  Robert  W"
1290,"Bettorini,"
1291,"De Curtis,  Ernesto"
1292,"Steiner,  George"
1293,"Charles,  Ernest"
1294,"Siegmeister,  Elie"
1295,"Shefter,  Bert"
1296,"Colombo,  Russ"
1297,"Anderson,  Leroy"
1298,"Blaine,  Ralph"
1299,"Griselle,  Thomas"
1300,"Layton,  Turner"
1301,"Baker,  Phil"
1302,"Kowal,  M"
1303,"Chemberdji,  Katya"
1304,"Miliutin,  Georgii Sergeevich"
1305,"Gade,  Jacob"
1306,"Conrad,  Con"
1307,"Lavalle,  Paul"
1308,"Berger,  Jean"
1309,"Canteloube,  Joseph"
1310,"Niles,  John  Jacob"
1311,"Antheil,  George"
1312,"Di Capua,  Rinaldo"
1313,"Curtis,  Ernesto Di"
1314,"Bachelet,  Alfred  (Georges)"
1315,"Frescobaldi,  Girolamo"
1316,"Heuberger,  Richard"
1317,"Mompou,  Frederic"
1318,"Hahn,  Reynaldo"
1319,"Anderson,  Florence"
1320,"DuPage,  Richard"
1321,"Senfl,  Ludwig"
1322,"Ratner,  Leonard"
1323,"Block,  Frederick"
1324,"Mackenna,  Carmela"
1325,"Bosmans,  Arturo"
1326,"Pinto,  Octavio"
1327,"Haggerty,  Richard"
1328,"Work,  John"
1329,"Benda,  Jirí (Georg)  Antonín (Anton)"
1330,"Guenther,  Felix"
1331,"Lucas,  Mary  Anderson"
1332,"Pisk,  Paul"
1333,"Jadassohn,  Salomon"
1334,"Szabo [Szabó],  Ferenc"
1335,"Mattfeld,  Julius"
1336,"Piket,  Frederick"
1337,"Wissmer,  Pierre"
1338,"Biloti,  Anton"
1339,"Rosenthal,  Manuel"
1340,"Rivier,  Jean"
1341,"Barraud,  Henri"
1342,"Dello Joio,  Norman"
1343,"Turner,  Godfrey"
1344,"Messiaen,  Olivier"
1345,"Sakovich,"
1346,"Hardelot,  Guy  d'"
1347,"Engel-Berger,  Willy"
1348,"Gargiulo,"
1349,"Bagley,  Edwin  Eugene"
1350,"Grave,  Maria"
1351,"Minkus,  Leon"
1352,"North,  Alex"
1353,"Hendl,  Walter"
1354,"Bauer,  Marion  Eugenie"
1355,"George,  Earl"
1356,"Jones,  Charles"
1357,"Root,  George  Frederick"
1358,"Scott,  Hazel"
1359,"Misraki,  Paul"
1360,"Spielmann,  Fritz"
1361,"Porrino,  Ennio"
1362,"Webern,  Anton  von"
1363,"Perpessas,  Harilaos"
1364,"Schnabel,  Artur"
1365,"Muradeli,  Vano"
1366,"Baron,  Maurice"
1367,"Moeran,  Ernest  John"
1368,"Scott,  Tom"
1369,"Starokadomsky,  Michael  L."
1370,"Savino,  Domenico"
1371,"Vene [Vené],  Ruggero"
1372,"Haussermann,  John"
1373,"Balendonck,  Armand"
1374,"Dyson,  Sir  George"
1375,"Kleinsinger,  George"
1376,"Hupfeld,  Herman"
1377,"Panufnik,  Sir  Andrzej"
1378,"Fitch,  Theodore"
1379,"Wesley,  Mary  Lou"
1380,"Morganstern,"
1381,"Ward,  Robert"
1382,"Weaver,  Powell"
1383,"Mancinelli,  Luigi"
1384,"Cilea,  Francesco"
1385,"Liebermann,  Rolf"
1386,"Arnell,  Richard"
1387,"Ivanov-Radkevich,  Nikolai"
1388,"Revueltas,  Silvestre"
1389,"Emmett,  Daniel  Decatur"
1390,"Pierpont,  James  Lord"
1391,"Clapp,  Philip  Greeley"
1392,"Sessions,  Roger"
1393,"Shapero,  Harold"
1394,"Frazzi,  Vito"
1395,"Ghedini,  Giorgio  Federico"
1396,"Chinn,  Genevieve"
1397,"Shulman,  Alan"
1398,"Camarata,  Tutti"
1399,"Antonini,  Alfredo"
1400,"Bermejo,  Felipe"
1401,"Soarez-Saveno,"
1402,"Castellanos,  Carlos"
1403,"Balazs,  Frederic"
1404,"Firestone,  Elizabeth"
1405,"Swanson,  Howard"
1406,"Alexander,  Josef"
1407,"Stein,  Barbara"
1408,"Koutzen,  Boris"
1409,"Torelli,  Giuseppe"
1410,"Levine,  Julius"
1411,"Wolpe,  Stefan"
1412,"Mills,  Charles"
1413,"Travis,  Roy  Elihu"
1414,"Slonimsky,  Nicolas"
1415,"Kirchner,  Leon"
1416,"Strauss,  Eduard"
1417,"Petrassi,  Goffredo"
1418,"Stevens,  David"
1419,"Jackno,  Ralph  John"
1420,"Lavry,  Marc"
1421,"Confrey,  Zez"
1422,"Schertzinger,  Victor"
1423,"Yaysnoff,  June & Iris"
1424,"Rodrigo,  Joaquín"
1425,"Gesensway,  Louis"
1426,"Barab,  Seymour"
1427,"Ferguson,  Howard"
1428,"Eberl,  Anton"
1429,"Hill,  Dorothy"
1430,"Gabrieli,  Andrea"
1431,"Berger,  Arthur"
1432,"Einem,  Gottfried  Von"
1433,"Rochberg,  George"
1434,"Vivanco,  Moises"
1435,"Gimenez,  Jeronimo"
1436,"Sandoval,"
1437,"Blasco,  Ricardo"
1438,"Machado,  Roger"
1439,"Lajarte,  Theodore  Eduard DuFaure"
1440,"Bezanson,  Philip"
1441,"Blacher,  Boris"
1442,"Damase,  Jean-Michel"
1443,"Kassern,  Tadeusz"
1444,"Moor,  Emanuel"
1445,"Dougherty,  Celius  (Hudson)"
1446,"Dallapiccola,  Luigi"
1447,"Lipschutz,  Lita"
1448,"Helm,  Everett"
1449,"Dalgleish,  James"
1450,"Godfrey,  Kathryn"
1451,"Bautista,"
1452,"Font de Anda,"
1453,"Moreno Torroba,  Federico"
1454,"Miller,"
1455,"Millocker,"
1456,"Waxman,  Franz"
1457,"Skalkottas,  Nikos"
1458,"Caamano [Caamaño],  Roberto"
1459,"Richardson,  Albert"
1460,"Raksin,  David"
1461,"Zaritzky,  Walt  Barrows"
1462,"Hague,  Charles"
1463,"Bonporti,  Francesco  Antonio"
1464,"Marinuzzi,  Gino, Jr."
1465,"Gaburo,  Kenneth"
1466,"Sihanouk,  King  Norodom"
1467,"Ladmirault,  Paul  Emile"
1468,"Cortes [Cortés],  Ramiro"
1469,"Meyerowitz,  Jan"
1470,"Pregel,  Boris"
1471,"Harkness,  Rebecca"
1472,"Sauter-Finegan,"
1473,"Rodriguez,  Gerardo  Matos"
1474,"de Abreu,  Zequinha"
1475,"Monterde,  Bernardino  Bautista"
1476,"Yradier,  Sebastian"
1477,"Kay,  Hershy"
1478,"Pestalozza,  Alberto"
1479,"Lumbye,  Hans Christian"
1480,"De Filippi,  Amedeo"
1481,"Weber,  Ben"
1482,"Miyagi,  Michio"
1483,"Konoye,  Hidemaro"
1484,"Buxtehude,  Dietrich"
1485,"Carrer [Karrer, Karreris],  Pavlos"
1486,"Goodman,  Saul"
1487,"Lewis,  George"
1488,"Hall,  Reginald"
1489,"Marker,"
1490,"Di Candriano,  Prince  Camillo  Ruspoli"
1491,"Bensussan,  Menachem"
1492,"Suesse,  Dana"
1493,"Klein,  John  M."
1494,"Landes,"
1495,"Goehr,"
1496,"Mamorsky,  Morris"
1497,"Burgess,  Lord"
1498,"Span,  Norman"
1499,"De Banfield,  Raffaello"
1500,"Muse,  Clarence"
1501,"Hanley,  James  F."
1502,"Williams,  Spencer"
1503,"Reid,  Billy"
1504,"Williams,  Hank"
1505,"New Orleans Rhythm Kings,"
1506,"Tizol,  Juan"
1507,"Monaco,  James  V."
1508,"Bernie,  Ben"
1509,"McPhee,  Colin"
1510,"Starer,  Robert"
1511,"Schuller,  Gunther"
1512,"Marquina,  Pasquale"
1513,"Loewe,  Frederick"
1514,"Mourant,  Walter"
1515,"Rosenthal,  Laurence"
1516,"Ginastera,  Alberto"
1517,"Mann,  Robert"
1518,"Kubik,  Gail"
1519,"Heiden,  Bernhard"
1520,"Carter,  Elliott"
1521,"Egge,  Klauss"
1522,"Sherwood,  Gordon"
1523,"Bentzon,  Niels  Viggo"
1524,"Jurek,"
1525,"Lane,  Burton"
1526,"Bowman,  Brooks"
1527,"Wood,  Haydn"
1528,"De Paul,  Gene"
1529,"Shearing,  George"
1530,"Young,  Lester"
1531,"Grainer,  Ron"
1532,"Garner,  Erroll"
1533,"Sebastian,  John"
1534,"Fernandez Arbos,  Enrique"
1535,"Arnold,  Sir  Malcolm"
1536,"Marais,  Josef"
1537,"Bondeville,  Emmanuel"
1538,"Dutilleux,  Henri"
1539,"Durufle [Duruflé],  Maurice"
1540,"Rota,  Nino"
1541,"Haieff,  Alexei"
1542,"Macero,  Teo"
1543,"Turner,  Charles"
1544,"Sicilianos,  Yeorgo"
1545,"Merrick,  Mahlon  Legrand"
1546,"Castro,  Juan  José"
1547,"Markevitch,  Igor"
1548,"Borishansky,  Elliot"
1549,"Yoder,  Paul  V."
1550,"Chapi (y Lorente),  Ruperto"
1551,"Garcia-Matos,  Manuel"
1552,"Alamo,  Lazaro del"
1553,"Arbo,  Miguel  Asins"
1554,"Ferriz,"
1555,"Mulligan,  Gerry"
1556,"Strayhorn,  Billy"
1557,"Cliburn,  Van"
1558,"Zafred,  Mario"
1559,"Salieri,  Antonio"
1560,"Varese [Varèse],  Edgard"
1561,"Ben-Haim,  Paul"
1562,"Ellstein,  Abraham"
1563,"Betti,  Henry"
1564,"Chajes,  Julius"
1565,"Lewis,  Leon"
1566,"Nelhybel,  Vaclav"
1567,"Franklin,  Benjamin"
1568,"Beglarian,  Grant"
1569,"Fine,  Irving"
1570,"Rorem,  Ned"
1571,"Russo,  William"
1572,"Banfield,  Raffaelo de"
1573,"Zeller,  Karl"
1574,"Merceron,"
1575,"Pugatchov,  Emanuel"
1576,"Fisher,  Marvin"
1577,"Orbon,  Julian"
1578,"Fenton,"
1579,"Fry,  William  Henry"
1580,"Brubeck,  Howard"
1581,"Willis,  Richard  Storrs"
1582,"Amirov,  Fikret"
1583,"De La Torre,  Francisco"
1584,"Bucci,  Mark"
1585,"Boulez,  Pierre"
1586,"Kalman,  Charles"
1587,"Monreal,"
1588,"Solano,"
1589,"Maciste,"
1590,"Ovadia,"
1591,"Ferrao,"
1592,"Cannon,  Hughie"
1593,"Orrego-Salas,  Juan"
1594,"Orff,  Carl"
1595,"Franchetti,  Arnold"
1596,"Parish,  M"
1597,"Lutoslawski,  Witold"
1598,"Ripoll,  Michael  Douglas"
1599,"Blackburn,  John  M"
1600,"Bernard,  Felix"
1601,"Hadjidakis,  Manos"
1602,"Rascel,  Renato"
1603,"Chou,  Wen-Chung"
1604,"Ponce,  Manuel"
1605,"Mayuzumi,  Toshiro"
1606,"Sellers,  Brother John"
1607,"Smit,  Leo"
1608,"Dor,  Dani"
1609,"Goldfaden,  Abraham"
1610,"Gold,  Ernest"
1611,"Miron,  Issachar"
1612,"Kurka,  Robert"
1613,"Nielsen,  Carl"
1614,"Gottlieb,  Jack"
1615,"Westerman,  Gerhart von"
1616,"Pinkham,  Daniel"
1617,"Etler,  Alvin"
1618,"Gerhard,  Roberto"
1619,"Henze,  Hans  Werner"
1620,"Previn,  Sir  André"
1621,"Henderson,  Skitch"
1622,"Bihari,  Janos"
1623,"Vetessy,  George"
1624,"Baird,  Tadeusz"
1625,"Ran,  Shulamit"
1626,"Xenakis,  Iannis"
1627,"Ligeti,  György"
1628,"Austin,  Larry"
1629,"Cage,  John"
1630,"Feldman,  Morton"
1631,"Brown,  Earle"
1632,"La Montaine,  John"
1633,"Reif,"
1634,"Hovhaness,  Alan"
1635,"Koyama,  Kiyoshige"
1636,"Lees,  Benjamin"
1637,"Palmer,  Robert"
1638,"Takemitsu,  Toru"
1639,"Perry,  Julia"
1640,"Wuorinen,  Charles"
1641,"Montsalvatge,  Xavier"
1642,"Kilar,  Wojciech"
1643,"Corigliano,  John, Jr."
1644,"Machaut,  Guillaume  De"
1645,"Gesualdo,  Don  Carlo"
1646,"Babbitt,  Milton"
1647,"Martirano,  Salvatore"
1648,"Blomdahl,  Karl-Birger"
1649,"Amram,  David"
1650,"Garrido-Lecca,  Celso"
1651,"Shchedrin,  Rodion"
1652,"Denisov,  Edison"
1653,"Chagrin,  Francis"
1654,"Chen,  N."
1655,"Zahavi,  David"
1656,"Wilensky,  Moshe"
1657,"Amiran,  Emanuel"
1658,"Navon,  Yitzchak  Eliyahu"
1659,"Reizenstein,  Franz"
1660,"Laderman,  Ezra"
1661,"Floyd,  Carlisle"
1662,"Bilik,  Jerry"
1663,"Bennett,  Richard  Rodney"
1664,"Mitropoulos,  Dimitri"
1665,"Rawsthorne,  Alan"
1666,"Berio,  Luciano"
1667,"Kuhlau,  Friedrich"
1668,"Borge,  Victor"
1669,"Helsted,  Edvard"
1670,"Norgard [Nørgård],  Per"
1671,"Casals,  Pablo"
1672,"Serrano,  Jose"
1673,"Cowell,  Johnny"
1674,"Rawsthorne,  Noel"
1675,"Perusio,  Matteus de"
1676,"Caserta,  Anthonellus de"
1677,"Phillips,  Peter"
1678,"Coperiario,  Giovanni"
1679,"Ferrabosco,  Alfonso"
1680,"Goehr,  Alexander"
1681,"Stockhausen,  Karlheinz"
1682,"Pousseur,  Henri"
1683,"Kostelanetz,  Andre"
1684,"Smith,  Hale"
1685,"Davidovsky,  Mario"
1686,"Nono,  Luigi"
1687,"Moevs,  Robert  (Walter)"
1688,"Riesman,  Michael"
1689,"Rzewski,  Frederic"
1690,"Reich,  Steve"
1691,"Crawford,  Ruth  Porter"
1692,"Zelenka,  Jan  Dismas"
1693,"Vejvanovsky,  Pavel  Josef"
1694,"Brixi,  Frantisek [František]  Xaver"
1695,"Maderna,  Bruno"
1696,"Schafer,  R.  Murray"
1697,"Silverman,  Stanley"
1698,"Crumb,  George"
1699,"Salzman,  Eric"
1700,"Geld,  Gary"
1701,"Li,  Huanzhi"
1702,"Press,  Jacques"
1703,"Druckman,  Jacob"
1704,"Maxwell Davies,  Sir  Peter"
1705,"Argento,  Dominick"
1706,"Del Tredici,  David"
1707,"Bolcom,  William"
1708,"Penderecki,  Krzysztof"
1709,"Skrowaczewski,  Stanislaw"
1710,"Kraft,  William"
1711,"Tippett,  Michael"
1712,"Harrison,  Lou"
1713,"Hartmann,  Karl  Amadeus"
1714,"Reimann,  Aribert"
1715,"Sollberger,  Harvey"
1716,"Warren,  Elinor  Remick"
1717,"Zimmermann,  Bernd  Alois"
1718,"Rudhyar,  Dane"
1719,"Birtwistle,  Harrison"
1720,"Harris,  Donald"
1721,"Moore,  Carman"
1722,"Vorisek,  Jan  Vaclav"
1723,"Lieberson,  Peter"
1724,"Francoeur,  François"
1725,"Coward,  Noël"
1726,"Bacewicz,  Grazyna"
1727,"Escot,  Pozzi"
1728,"Musgrave,  Thea"
1729,"Taxin,  Ira"
1730,"Raposo,  Joe"
1731,"Dlugoszewski,  Lucia"
1732,"Martino,  Donald"
1733,"Kolb,  Barbara"
1734,"Baker,  David  J."
1735,"Blackwood,  Easley"
1736,"Deak,  Jon"
1737,"Rush,  Loren"
1738,"Gilbert,  David"
1739,"Jablonsky,  Stephen"
1740,"Donatoni,  Franco"
1741,"Albright,  William"
1742,"Plante,  Daniel"
1743,"Myers,  Laurie"
1744,"Subotnick,  Morton"
1745,"Levine,  Jeffrey"
1746,"Gaber,  Harley"
1747,"Hodkinson,  Sydney"
1748,"Joplin,  Scott"
1749,"Lamb,  Joseph  Francis"
1750,"Blake,  Eubie"
1751,"Matthews,  Artie"
1752,"Europe,  James  Reese"
1753,"Reeves,  David  Wallis"
1754,"Fillmore,  John  Comfort"
1755,"Hampton,  Calvin"
1756,"Perkinson,  Coleridge-Taylor"
1757,"Hakim,  Talib  Rasul"
1758,"Anderson,  T.J."
1759,"Cunningham,  Arthur"
1760,"Walker,  George"
1761,"Saint-Georges,  Joseph Bologne  Chevalier de"
1762,"White,  Jose  (Paul)"
1763,"Nunes-Garcia,  José  Maurício"
1764,"Davison,  Harriette"
1765,"Moore,  Undine  Smith"
1766,"Moore,  Dorothy  Rudd"
1767,"Wilson,  Olly"
1768,"Hailstork,  Adolphus"
1769,"Cordero,  Roque"
1770,"Mondonville,  Jean-Joseph  De"
1771,"Imbrie,  Andrew"
1772,"Colgrass,  Michael"
1773,"Streisand,  Barbra"
1774,"Murphy,  Walter"
1775,"Sondheim,  Stephen"
1776,"Johnston,  Bruce"
1777,"Persichetti,  Vincent"
1778,"Stock,  David"
1779,"McKinley,  William  Thomas"
1780,"Eliasson,  Anders"
1781,"Dugger,  Edwin"
1782,"Friedman,  Ignaz"
1783,"Farina,  Carlo"
1784,"Thomas,  Andrew"
1785,"Cohen,  Edward"
1786,"Mingus,  Charles"
1787,"Edwards,  George"
1788,"Murail,  Tristan"
1789,"Romero,  Angel"
1790,"Fischer,  J."
1791,"Donaldson,  Walter"
1792,"Fisher,  Fred"
1793,"Meyers, Billy,  Schoebel, Elmer  and"
1794,"King,  Karl  Lawrence"
1795,"Duble,  Charles  Edward"
1796,"Bassett,  Leslie"
1797,"Taneyev,  Sergei"
1798,"Kim,  Earl"
1799,"Tal,  Josef"
1800,"Tomasi,  Henri"
1801,"Zagortsev,  Vladimir"
1802,"Bonds,  Margaret"
1803,"Westmoreland,"
1804,"Susato,  Tylman"
1805,"Neikrug,  Marc"
1806,"Fischer,  Clare"
1807,"Kubelik [Kubelík],  Rafael"
1808,"Shankar,  Ravi"
1809,"Doppler,  (Albert)  Franz"
1810,"Schultze,  Johann  Christian"
1811,"Clarke,  Herbert  Lincoln"
1812,"Samuel,  Gerhard"
1813,"Cottrau,  Teodoro"
1814,"Gabriel,  Charles  H."
1815,"Marx,  Joseph"
1816,"Tower,  Joan"
1817,"Balada,  Leonardo"
1818,"Kotzwara,  Franz"
1819,"Shaw,  Oliver"
1820,"Herrick,  Joseph"
1821,"Holyoke,  Samuel"
1822,"Trojahn,  Manfred"
1823,"Consoli,  Marc-Antonio"
1824,"Lerdahl,  Fred"
1825,"Harbison,  John"
1826,"Rosenman,  Leonard"
1827,"Balassa,  Sandor"
1828,"Adams,  John"
1829,"Kernis,  Aaron  Jay"
1830,"Thorne,  Nicholas"
1831,"Rands,  Bernard"
1832,"Schwantner,  Joseph"
1833,"Street,  Tison"
1834,"Mercure,  Pierre"
1835,"Avshalomov,  Jacob"
1836,"Arutunian,  Alexander"
1837,"Dempster,  Stuart"
1838,"Erickson,  Robert"
1839,"Galas [Galás],  Diamanda"
1840,"Rouse,  Christopher"
1841,"Beaser,  Robert"
1842,"Erb,  Donald"
1843,"McNabb,  Michael"
1844,"Spiegel,  Laurie"
1845,"Dodge,  Charles"
1846,"Chowning,  John  MacLeod"
1847,"Yuasa,  Joji"
1848,"Risset,  Jean-Claude"
1849,"Lansky,  Paul"
1850,"Hoeller,  York"
1851,"Reynolds,  Roger"
1852,"Drummond,  Dean"
1853,"La Barbara,  Joan"
1854,"Dick,  Robert"
1855,"Bresnick,  Martin"
1856,"Jolas,  Betsy"
1857,"Amy,  Gilbert"
1858,"Knussen,  Oliver"
1859,"Davis,  Anthony"
1860,"Sculthorpe,  Peter"
1861,"Bazelon,  Irwin"
1862,"Albrechtsberger,  Johann  G."
1863,"Wyre,  John"
1864,"Gubaidulina,  Sofia"
1865,"Noon,  David"
1866,"Schulhoff,  Erwin"
1867,"Williams,  Julius"
1868,"Karmen,  Steve"
1869,"Subramaniam,  Lakshminarayana"
1870,"Sohal,  Naresh"
1871,"Warshaw,  Dalit  Paz"
1872,"Schnittke,  Alfred"
1873,"Sinopoli,  Giuseppe"
1874,"Bussotti,  Sylvano"
1875,"Speer,  Daniel"
1876,"Calvert,  Morley"
1877,"Furtwangler [Furtwängler],  Wilhelm"
1878,"Dufourt,  Hugues"
1879,"Novak,  Jan"
1880,"Molter,  Johann  Melchior"
1881,"Nancarrow,  Conlon"
1882,"Ruders,  Poul"
1883,"Kagel,  Mauricio"
1884,"Olivero,  Betty"
1885,"Andriessen,  Louis"
1886,"Paert [Pärt],  Arvo"
1887,"Dresher,  Paul"
1888,"Williams,  John"
1889,"Sorozabal,  Pablo"
1890,"Husa,  Karel"
1891,"Berio,  Adolfo"
1892,"Castiglioni,  Niccolò"
1893,"Matthus,  Siegfried"
1894,"Jacob,  Gordon"
1895,"Berkeley,  Sir  Lennox"
1896,"Spisak,  Michal"
1897,"Zarebski,  Juliusz"
1898,"Bach,  P.D.Q."
1899,"Schickele,  Peter"
1900,"May,  Robert  C."
1901,"Lindroth,  Scott"
1902,"Hartke,  Stephen"
1903,"Dahl,  Ingolf"
1904,"Rex,  Charles  Gordon"
1905,"Benjamin,  George"
1906,"Duvernoy,  Frederic  Nicolas"
1907,"Lewis,  John"
1908,"Alt,  Bernhard"
1909,"Zwilich,  Ellen  Taaffe"
1910,"Gastaldon,  Stanislas"
1911,"Wolfe,  Stanley"
1912,"Quantz,  Johann  Joachim"
1913,"Stenhammar,  Wilhelm"
1914,"Coolidge,  Peggy  Stuart"
1915,"Friedrich,  Alexander"
1916,"Turrin,  Joseph"
1917,"Kellaway,  Roger"
1918,"Matiegka,  Wenzel  Thomas"
1919,"Cerchio,  Bruno"
1920,"Fuchs,  Kenneth"
1921,"Slonimsky,  Sergei"
1922,"Knight,  Edward"
1923,"Drattell,  Deborah"
1924,"Thomas,  Augusta  Read"
1925,"Hagen,  Daron"
1926,"Daugherty,  Michael"
1927,"Hoffer,  Bernard"
1928,"Hetu [Hétu],  Jacques"
1929,"Lang,  David"
1930,"Mercurio,  Steven"
1931,"Raats [Rääts],  Jaan"
1932,"Ge,  Gangru"
1933,"Sierra,  Roberto"
1934,"Baker,  Claude"
1935,"Dring,  Madeleine"
1936,"Grandjany,  Marcel"
1937,"Picker,  Tobias"
1938,"Wallach,  Joelle"
1939,"Morawetz,  Oskar"
1940,"Sheng,  Bright"
1941,"Ramey,  Phillip"
1942,"Torke,  Michael"
1943,"Bixio,  Cesare  Andrea"
1944,"Di Lazzaro,  Eldo"
1945,"Di Crescenza,"
1946,"Hertel,  Johann  Wilhelm"
1947,"Hollaender,  Friedrich"
1948,"Meisel,  Edmund"
1949,"Nick,  Edmund"
1950,"Nelson,  Rudolf"
1951,"Eisler,  Hans"
1952,"Reinitz,  Béla"
1953,"Spoliansky,  Mischa"
1954,"Nelson,  Ron"
1955,"Langgaard,  Rued"
1956,"Berwald,  Franz  Adolf"
1957,"Stich,  Jan  Vaclav"
1958,"Paulus,  Stephen"
1959,"Bowles,  Paul"
1960,"Oliveros,  Pauline"
1961,"Riley,  Terry"
1962,"Miki,  Minoru"
1963,"Kokkonen,  Joonas"
1964,"Bowen,  York"
1965,"Albert,  Stephen"
1966,"Blumenfeld,  Felix"
1967,"Devienne,  François"
1968,"Ewazen,  Eric"
1969,"Tubin,  Eduard"
1970,"Schoenfield,  Paul"
1971,"Rush,  Stephen"
1972,"Renwick,  Wilke"
1973,"Horowitz,  Joseph"
1974,"Dodd,  Jimmie"
1975,"Dessau,  Paul"
1976,"Tamberg,  Eino"
1977,"Scheidt,  Samuel"
1978,"Dedrick,  Christopher"
1979,"Rollins,  Walter  E."
1980,"Brodsky,  Nicholas"
1981,"Danielpour,  Richard"
1982,"Chaynes,  Charles"
1983,"Paz,  Xavier  de"
1984,"Milan [Milán],  Luys"
1985,"Mudarra,  Alonso  de"
1986,"Sanz,  Gaspar"
1987,"Sor,  Fernando"
1988,"Romero,  Celedonio"
1989,"Pollack,  Lew"
1990,"Gale,  Jack"
1991,"Waller,  Fats  (Thomas)"
1992,"MacMillan,  James"
1993,"Pleyel,  Ignaz"
1994,"Koper,  Karl-Heinz  (Köper)"
1995,"Hawkins,  Walter"
1996,"Dorsey,  Thomas  Andrew"
1997,"Sametz,  Steven"
1998,"Katzer,  Georg"
1999,"Perle,  George"
2000,"Hurd,  David"
2001,"Dawson,  Mary  Cardwell"
2002,"Carter,  Henry"
2003,"Holland,  M.  Roger, III"
2004,"Sebesky,  Don"
2005,"Torme [Tormé],  Mel"
2006,"Davis,  Katherine"
2007,"Albinoni,  Tomaso"
2008,"Wright,  Rayburn"
2009,"Nakamura,  Toru"
2010,"Locatelli,  Pietro"
2011,"Piazzolla,  Astor"
2012,"Parker,  Charlie  (""Bird"")"
2013,"Cooke,  Arnold"
2014,"Kancheli,  Giya"
2015,"Brey,  Carter"
2016,"Coleman,  Ornette"
2017,"Cresswell & McNicholas,  Luke & Steve"
2018,"Lindberg,  Magnus"
2019,"Zelenski,  Wladyslaw"
2020,"Mouton,  Jean"
2021,"Distler,  Hugo"
2022,"Biebl,  Franz"
2023,"Burt,  Alfred  Shaddick"
2024,"Gaubert,  Philippe"
2025,"Clarke,  Rebecca"
2026,"Serocki,  Kazimierz"
2027,"McGrimsey,  Robert"
2028,"Maltsby,  Carl"
2029,"Dubin,  Al"
2030,"Hamlisch,  Marvin"
2031,"Loesser,  Frank"
2032,"Adler,  Richard"
2033,"Smalls,  Charlie"
2034,"Crouch,  Andrae  (Edward)"
2035,"Pachelbel,  Johann"
2036,"Zorn,  John"
2037,"Lauridsen,  Morten"
2038,"Discussion,"
2039,"Ades [Adès],  Thomas"
2040,"Turnage,  Mark-Anthony"
2041,"Harvey,  Jonathan"
2042,"Bates,  Django"
2043,"Kander,  John"
2044,"Karg-Ellert,  Sigfrid"
2045,"Hathaway and McKinnor,  Donny and Nadine"
2046,"Premru,  Raymond"
2047,"McCartney,  Sir  Paul"
2048,"Flecha,  Mateo, El Viejo"
2049,"Guitierrez [Gutiérrez] de Padilla,  Juan"
2050,"Pygott,  Richard"
2051,"Patterson,  Paul"
2052,"Svane,  Randall"
2053,"Karlsen,  Kjell  Mørk"
2054,"Dun,  Tan"
2055,"Seltzer,  Dov"
2056,"Sussan,  Leo"
2057,"Baum,  Parker"
2058,"Blaudziunas,  Gabija"
2059,"Mindlin,  Samantha"
2060,"Spencer,  Victoria"
2061,"Hoover,  Duke"
2062,"Held,  Ilana"
2063,"Boyle-Cole,  Cheyenne"
2064,"Hirschhorn,  Michelle"
2065,"Piot,  Melhia"
2066,"Sable,  Lindsay"
2067,"Esman,  Ilan"
2068,"Gray,  Aiesha"
2069,"Rosario,  Janis"
2070,"Baum,  Sabrina"
2071,"Satoh,  Somei"
2072,"Saariaho,  Kaija"
2073,"Vasks,  Peteris"
2074,"Morricone,  Ennio"
2075,"Kamen,  Michael"
2076,"Kenton,  Stan"
2077,"Glick,  Srul  Irving"
2078,"Simonson,  Victor"
2079,"Becton,  Shelton  L."
2080,"Marsalis,  Wynton"
2081,"Rihm,  Wolfgang"
2082,"Falcon [Falcón] Sanabria,  Juan  José"
2083,"Pugh,  James"
2084,"Mores,  Mariano"
2085,"Krauze,  Zygmunt"
2086,"Masson [Másson],  Askell [Áskell]"
2087,"Liebermann,  Lowell"
2088,"Janis,  Tim"
2089,"Crespo,  Enrique"
2090,"MacLean,"
2091,"Kalhor,  Kayhan"
2092,"Pasculli,  Antonio"
2093,"Rechtman,  Ilan"
2094,"Koetsier,  Jan"
2095,"Boutry,  Roger"
2096,"Shaw,  Lowell"
2097,"Bratton,  John  W."
2098,"Botti,  Susan"
2099,"Southall,  Mitchell  B."
2100,"Gannon,  James ""Kim"""
2101,"Herman,  Jerry"
2102,"Hill,  Warren"
2103,"Ruzicka,  Peter"
2104,"Balissat,  Jean"
2105,"Genzmer,  Harald"
2106,"Farrenc,  Jeanne-Louise"
2107,"Tsintsadze,  Sulkhan  Fyodorovich"
2108,"Richman,  Lucas"
2109,"Marks,  Johnny"
2110,"Fruehling,  Carl"
2111,"Coldplay,"
2112,"Rodriguez,  Jasmin"
2113,"James,  Dijon"
2114,"Vega,  Arianna"
2115,"Paulino,  Carlos"
2116,"Vitrago,  Roger"
2117,"Manon [Mañon],  Cesar"
2118,"Diaz,  Stanly"
2119,"Gomez,  Cynthia"
2120,"Leger,  Anabel"
2121,"Diaz,  Luis"
2122,"Taffanel,  Paul"
2123,"Golijov,  Osvaldo"
2124,"Jobim,  Antônio  Carlos (""Tom"")"
2125,"Schnyder,  Daniel"
2126,"Lachert,  Piotr"
2127,"Wiren [Wirén],  Dag"
2128,"May,  Billy  & Kenton, Stan"
2129,"Camilo,  Michel"
2130,"Harrison,  Tim"
2131,"Roland-Manuel,  Alexis"
2132,"Harris,  Charles"
2133,"Barkauskas,  Vytautas"
2134,"Elvey,  Sir  George"
2135,"Sortomme,  Richard"
2136,"Pereira,  Joseph"
2137,"Tsypin,  Vladimir"
2138,"Elbel,  Louis"
2139,"Edwards,  Ross"
2140,"Maazel,  Lorin"
2141,"Chaplin,  Charles"
2142,"Bernstein,  Elmer"
2143,"Goldsmith,  Jerry"
2144,"Barry,  John"
2145,"Gardel,  Carlos"
2146,"Morricone,  Andrea and Ennio"
2147,"Shore,  Howard"
2148,"Friedman,  Jefferson"
2149,"Garland,  Joseph  C."
2150,"Buonamente,  Giovanni"
2151,"Franck,  Melchior"
2152,"Boehme,  Oskar"
2153,"Maslanka,  David"
2154,"Glisic [Glišic],  Živojin"
2155,"Newman,  Randy"
2156,"Guettel,  Adam"
2157,"Noble,  Ray"
2158,"Valjean,  Paul"
2159,"Puts,  Kevin"
2160,"Matthews,  Colin"
2161,"Gauntlett,  Henry  John"
2162,"Perez Prado,  Damaso"
2163,"Coll,  Francisco"
2164,"Sobol,  Dr.  Mordechai"
2165,"Levinson,  Y.  D."
2166,"Aizenstadt,  David"
2167,"Odessaer,  Bulgar"
2168,"Nowakowsky,  D."
2169,"Koussevitzky,  Moshe"
2170,"Alter,  I"
2171,"Talmud,  Yaakov"
2172,"Bogzester,  William"
2173,"Grigoriu,  George"
2174,"Wilder,  Alec"
2175,"Kallman,  Daniel"
2176,"Keillor,  Garrison"
2177,"Davidson,  Randall"
2178,"Grip,  Eric"
2179,"McGlaughlin,  William"
2180,"Chan,  Ka  Nin"
2181,"Sichel,  John"
2182,"Robinson,  Kyla"
2183,"Nunez [Nuñez],  Ivan"
2184,"Willis,  Annabel"
2185,"Petronio,  Camilla"
2186,"Taslima,  Farah"
2187,"Fleming,  Sarah"
2188,"Comstock,  Jackson"
2189,"Wong & Xiao,  Patrick & Vincent"
2190,"Hendrix,  Jimi"
2191,"Donaudy,  Stefano"
2192,"Wehrli,  Werner"
2193,"Rosenblatt,  Y."
2194,"Kwartin,  Zevulun"
2195,"Schorr,  Israel"
2196,"Chutiner,  P."
2197,"Stern,  I. & Moshe"
2198,"Yellen,  Jack"
2199,"Brody,  Josef"
2200,"Coots,  J.  Fred"
2201,"Hely-Hutchinson,  Victor"
2202,"Dworsky,  Richard"
2203,"Dworsky and Blaske,  Richard and Lee"
2204,"Shand, Terry & Eaton, Jimmy,"
2205,"Brown,  Nacio  Herb"
2206,"Newley,  Anthony"
2207,"Mancini,  Henry"
2208,"Legrand,  Michel"
2209,"Charles, Dick and Marks, Larry,"
2210,"Schifrin,  Lalo"
2211,"Salonen,  Esa-Pekka"
2212,"Bortz [Börtz],  Daniel"
2213,"Wagner,  Melinda"
2214,"Bates,  Mason"
2215,"Mendelssohn Hensel,  Fanny"
2216,"Wencheng,  Lu"
2217,"Guang,  Ren"
2218,"Gerber,  Stephen"
2219,"Bock,  Jerry"
2220,"Fain,  Sammy"
2221,"Ferro,  Nicola"
2222,"DiLorenzo,  Anthony"
2223,"Tilzer,  Albert Von"
2224,"Hall,  Guy"
2225,"Ruo,  Huang"
2226,"Bermel,  Derek"
2227,"Jolson,  Al"
2228,"Bloom,  Rube"
2229,"Malneck,  Matty"
2230,"Caesar,  Irving"
2231,"Fischer,  Carl"
2232,"Wallace,  David"
2233,"Nissenson,  Gloria"
2234,"Frank,  Gabriela  Lena"
2235,"Herbert,  Rajon"
2236,"Pichardo,  Edward"
2237,"Wegh,  Claire"
2238,"Mannes,  Nathan"
2239,"Pagan,  Abraham"
2240,"Zhang,  Yijun"
2241,"Fang,  Yue"
2242,"Lu,  Cindy"
2243,"Lu,  Yiqing"
2244,"Zhang,  Yusong"
2245,"Reed,  Alfred"
2246,"Zelenaia,  Margarita"
2247,"Stucky,  Steven"
2248,"Hoffman,  Solomon"
2249,"Oberdier,  Danielle  Kerani"
2250,"Tokke,  Justin  P."
2251,"Medaglia,  Julio"
2252,"Schonberg [Schönberg],  Claude-Michel"
2253,"Schubert - Berio ,  Franz - Luciano"
2254,"LeFrak,  Karen"
2255,"Tovey,  Bramwell"
2256,"Richard,  Douglas  A."
2257,"Grantham,  Donald"
2258,"Egner,  Phillip"
2259,"Reineke,  Steven"
2260,"Tatum,  Art"
2261,"Dixieland Jazz Band,"
2262,"Currier,  Sebastian"
2263,"Carrick,  Richard"
2264,"Moravec,  Paul"
2265,"Dubugnon,  Richard"
2266,"De la Monnoye,  Bernard"
2267,"Louiguy,  Louis"
2268,"Mustonen,  Olli"
2269,"Crusell,  Bernhard  Henrik"
2270,"Ramos,  Ben"
2271,"Turano,  Olivia"
2272,"Henry,  Aaron"
2273,"Williams,  Aleaster"
2274,"Hyland,  Theoren"
2275,"Arotsky,  Sheridan"
2276,"Frankle,  George"
2277,"Quinlan,  Caitlin"
2278,"Wilson,  Paul"
2279,"Krasa,  Hans"
2280,"Dorman,  Avner"
2281,"Raz,  Yehezkel"
2282,"Schwertsik,  Kurt"
2283,"Krieger,  Henry"
2284,"Auerbach,  Lera"
2285,"Wolcott,  Charles"
2286,"Butler,  Artie"
2287,"Charles,  Ray"
2288,"Weiss,  George  David"
2289,"Corghi,  Azio"
2290,"Anastasio,  Trey"
2291,"Anastasio, Trey, and Hart, Don,"
2292,"Moriwaki,  Yosuke"
2293,"Watanabe,  Harumi"
2294,"Tateno,  Keito"
2295,"Ashimine,  Shuono"
2296,"Tanabe,  Aline  Sauvegrain"
2297,"Hiramoto,  Wataru"
2298,"Okuyama,  Marin"
2299,"Susaki,  Asuka"
2300,"Elkjer,  Robert"
2301,"Gabaye,  Pierre"
2302,"Rossi,  Salamone"
2303,"Rimmer,  William"
2304,"Sierra,  Arlene  Elizabeth"
2305,"Liang,  Lei"
2306,"Dalbavie,  Marc-André"
2307,"Kampela,  Arthur"
2308,"Winkler,  David"
2309,"Steiger,  Rand"
2310,"Balcomb,  Stuart"
2311,"Rodgers,  Mary"
2312,"Pintscher,  Matthias"
2313,"Shepherd,  Sean"
2314,"Muhly,  Nico"
2315,"Parsons,  Michael"
2316,"Fiorenzoli,  Stella"
2317,"D'Ver,  Ethan"
2318,"Draper,  Isaac"
2319,"Jimenez,  Noah"
2320,"Durakovic,  Amina"
2321,"Nikocevic,  Elmir"
2322,"Samerson,  Brooke"
2323,"Bernstein,  Adam"
2324,"Gruber,  HK"
2325,"Bass,  Randol  Alan"
2326,"Zhao,  Guang"
2327,"Meij,  Johan de"
2328,"Peaslee,  Richard"
2329,"Kazik,  James"
2330,"Jones,  Isham"
2331,"Andres,  Bernard"
2332,"Sydeman,  William  Jay"
2333,"Wildmans,  Friedrich"
2334,"Grisey,  Gerard"
2335,"Theofanidis,  Christopher"
2336,"Matheson,  James"
2337,"Pola"
2338,"Ellis,  Kenny"
2339,"Barnes,  Edward  Shippen"
2340,"Jagoda,  Flory"
2341,"Yim,  Jay  Alan"
2342,"Anderson,  Julian"
2343,"Widmann,  Jorg [Jörg]"
2344,"Korzeniowsky,  Julian"
2345,"Ding,  Qin"
2346,"Segerstrom,  Eric"
2347,"Jatta,  Musa, Jr."
2348,"Dolby,  Nuha"
2349,"Galesi,  Julian"
2350,"Moors,  Daniel"
2351,"Pino,  Maya"
2352,"Balbi,  Ashley"
2353,"LaChiusa,  Michael  John"
2354,"Schwartz,  Stephen"
2355,"Sting,"
2356,"Webb,  Jimmy"
2357,"Larson,  Jonathan"
2358,"Gaga,  Lady"
2359,"Menzel,  Idina"
2360,"Moore,  Phil"
2361,"Strouse,  Charles"
2362,"Quiroga,  Manuel"
2363,"Tuur,  Erkki-Sven"
2364,"Wasserman,  Ron"
2365,"Grossman,  David"
2366,"Kim,  Sae-Young"
2367,"ACT,"
2368,"Rumshinsky,  Joseph"
2369,"Gaunt,  Percy"
2370,"Minkowsky,  Giacomo"
2371,"Friedsell,  Louis"
2372,"Perlmutter"
2373,"Bayes"
2374,"Kurtag [Kurtág],  Georgy [György]"
2375,"Dix,  Brian"
2376,"Bulla,  Stephen"
2377,"Ortolani,  Riziero ""Riz"""
2378,"Modugno,  Domenico"
2379,"Sager, Carol Bayer,  Foster, David"
2380,"Sartori,  Francesco"
2381,"Glass,  Philip"
2382,"Pieslak,  Jonathan"
2383,"Choi,  Sophia"
2384,"Kotkin,  Henry"
2385,"Shmerler,  Harry"
2386,"Kim-Suzuki,  Saya"
2387,"Bryant,  Calista"
2388,"Chough,  Sara"
2389,"Gardner,  Danielle"
2390,"Park,  Jong Eun  Sylvia"
2391,"Vistel,  Douglas"
2392,"Livingston,  Jay"
2393,"Hague,  Albert"
2394,"Guaraldi,  Vince"
2395,"Lunsqui,  Alexandre"
2396,"Bao,  Yuankai"
2397,"Chen,  Qigang"
2398,"Zhou,  Chenglong"
2399,"Sun,  Yiqian"
2400,"Horowitz,  Vladimir"
2401,"Tu,  Emily"
2402,"Collings,  Bryce"
2403,"Poniewozik,  Milo"
2404,"Brooks,  Calie"
2405,"Peterson,  Timothy"
2406,"Landau,  Jake"
2407,"Valongo,  Elijah"
2408,"Alexander,  Andre"
2409,"Sifuentes,  Carol"
2410,"Garcia,  Jean-Carlos"
2411,"Jarrell,  Michael"
2412,"Schwartz,  Elliott"
2413,"Cras,  Jean"
2414,"Fryba,  Hans"
2415,"Oliver,  Melvin ""Sy"""
2416,"Kessler,  James C."
2417,"Yoran,  Victor"
2418,"Keillor/Dworsky/Stein,  Garrison/Rich/Andy"
2419,"Fagin,  Gary"
2420,"Bliss,  Philip"
2421,"Shea,  Michael  J."
2422,"Robinson and White,  William ""Smokey"" and Ronald"
2423,"Garcia,  Jerry"
2424,"Mendoza y Cortés,  Quirino"
2425,"Stein,  Andy"
2426,"Peace,  A.  L."
2427,"Shayne,  Gloria"
2428,"Feliciano,  José"
2429,"Beal"
2430,"Jobim,  Antonio  Carlos"
2431,"Jones,  Thaddeus"
2432,"Akiho,  Andy"
2433,"Norman,  Andrew"
2434,"Vaclavik,  Jude"
2435,"Qian,  Qi"
2436,"Ye,  Xiaogang"
2437,"Zhang,  Qianyi"
2438,"Sang,  Ruocuo"
2439,"Ying,  Qing"
2440,"Meltzer,  Harold"
2441,"Bozza,  Eugene  Joseph"
2442,"Hillborg,  Anders"
2443,"Robin,  Yann"
2444,"Chin,  Unsuk"
2445,"Jadin,  Louis  Emmanuel"
2446,"Finzi,  Gerald"
2447,"Zivkovic,  Nebojsa  Jovan"
2448,"Westlake,  Nigel"
2449,"Espiritusanto,  Ashanti"
2450,"Hanson,  Graydon"
2451,"Micic,  Mia"
2452,"Braun,  Aliyana  Tedi"
2453,"Irfan,  Tengku  Ahmad"
2454,"Gulielmetti,  Jack"
2455,"Fig,  Aaron  Wolff"
2456,"Stevens,  Cassandra"
2457,"Sakho,  Hawa"
2458,"Rissmann,  Paul"
2459,"Leigh,  Mitch"
2460,"Velazquez,  Consuelo"
2461,"Duery,  Louis"
2462,"Hesketh,  Kenneth"
2463,"Sandidge,  Daniel"
2464,"Carey,  Mariah"
2465,"Isham,  Mark"
2466,"Zindars,  Earl"
2467,"Rechtman,  Elan"
2468,"Frackenpohl,  Arthur"
2469,"Monk,  Thelonious"
2470,"Ross,  Jerry"
2471,"Pasek,  Benj"
2472,"Bacharach,  Burt"
2473,"Flaherty,  Stephen"
2474,"Torch,  Sidney"
2475,"Taylor, Brooks & Stanley,"
2476,"Anderson,  Robert  Alex"
2477,"Hess,  Nigel"
2478,"Mitchell,  Brian  Stokes"
2479,"Kent,  Walter"
2480,"Colella,  Jeff"
2481,"Bucchino,  John"
2482,"Norman,  Monty"
2483,"Kerr,  Joseph  Frizell"
2484,"Igudesman,  Aleksey"
2485,"Igudesman & Joo,  Aleksey & Huyng-ki"
2486,"Conti,  Bill"
2487,"Joo,  Hyung-ki"
2488,"Perren, Fekaris, and Gaynor,  Freddie, Dino, and Gloria"
2489,"Davis,  Jimmie"
2490,"Arancio,  Julia"
2491,"Celestin,  Austin"
2492,"Cohn,  Ethan"
2493,"Green,  DeAnte"
2494,"Moske,  Nina"
2495,"Reno,  Anais"
2496,"O'Brien,  Jake"
2497,"Utagawa,  Karin"
2498,"Iwamoto,  Yuki"
2499,"Iwamoto,  Hiroaki"
2500,"Bai,  Chengren"
2501,"Luo,  Xiuying"
2502,"Xu,  Peidong"
2503,"Lei,  Zhenbang"
2504,"Ozone,  Makato"
2505,"Carpenter,  Mary  Chapin"
2506,"Djawadi,  Ramin"
2507,"Vivier,  Claude"
2508,"Hamelin,  Marc-André"
2509,"Newman,  Thomas"
2510,"Giacchino,  Michael"
2511,"Doyle,  Patrick"
2512,"Hosokawa,  Toshio"
2513,"Fujikura,  Dai"
2514,"Mantovani,  Bruno"
2515,"Neuwirth,  Olga"
2516,"Staud,  Johannes  Maria"
2517,"Andre,  Mark"
2518,"Senk,  Olga"
2519,"Schwartz,  Jay"
2520,"Zuraj,  Vito"
2521,"Wolfe,  Julia"
2522,"Mackey,  Steven"
2523,"Holliger,  Heinz"
2524,"Manoury,  Philippe"
2525,"Acosta,  Daniel"
2526,"Darris,  Samantha"
2527,"Choi,  Elli"
2528,"Bridge to Nowhere,"
2529,"Felsenfeld,  Daniel"
2530,"Iyer,  Vijay"
2531,"Detrick,  Zachary"
2532,"Wigglesworth,  Ryan"
2533,"Grime,  Helen"
2534,"Prestini,  Paola"
2535,"Nathan,  Eric"
2536,"Bettison,  Oscar"
2537,"Brown,  Ryan"
2538,"Hersch,  Michael"
2539,"Kapica,  Chris"
2540,"Adolphe,  Julia"
2541,"Dougherty,  William"
2542,"Grafe,  Max"
2543,"Jones,  Jesse"
2544,"Wang,  Lu"
2545,"McManus,  Andrew"
2546,"Cerha,  Friedrich"
2547,"Pesson,  Gerard [Gérard]"
2548,"Ustvolskaya,  Galina"
2549,"Eotvos [Eötvös],  Peter"
2550,"Eotvos [Eötvös],  Melody"
2551,"Honstein,  Robert"
2552,"Miller,  Jared"
2553,"Rotolo,  Kyle"
2554,"Stafylakis,  Haralabos [ Harry ]"
2555,"Wang,  A-Mao"
2556,"Cheung,  Anthony"
2557,"Green,  Joe"
2558,"Ray,  Don"
2559,"Greenwood,  Lee"
2560,"McHugh,  Jimmy"
2561,"Cipriani,  Stelvio"
2562,"Piovani,  Nicola"
2563,"Bacalov,  Luis  Enrique"
2564,"Trovajoli,  Armando"
2565,"Fusco,  Giovanni"
2566,"Brock,  Timothy"
2567,"Bjarnason,  Daniel [Daníel]"
2568,"Marshall,  Ingram"
2569,"Mazzoli,  Missy"
2570,"Andres,  Timo"
2571,"Suben,  Joel  Eric"
2572,"Mason,  Lowell"
2573,"Rutter,  John"
2574,"Tyzik,  Jeff"
2575,"Le Roy,  Henri  Leon"
2576,"Liao,  Shuwen"
2577,"Bardanashvili,  Josef"
2578,"Haber,  Yotam"
2579,"Pato and Tong,  Christina and Wu"
2580,"Bruce,  David"
2581,"Umezaki,  Kojiro"
2582,"Perapaskero,  Sapo"
2583,"Yanov-Yanovsky,  Dmitri"
2584,"Yan,  Hai-Deng"
2585,"Zhao,  Lin"
2586,"West,  Benjamin"
2587,"Ezekwenna,  Chibuzo ""Chi-chi"""
2588,"Kravath,  Lilly"
2589,"Lubetsky,  Maya"
2590,"Siguencia,  Marvin"
2591,"Tom,  Emma"
2592,"Aho,  Kalevi"
2593,"Zivkovic,  Djuro"
2594,"Tournier,  Marcel"
2595,"Escaich,  Thierry"
2596,"Montalti,  Vittorio"
2597,"Sciarrino,  Salvatore"
2598,"Francesconi,  Luca"
2599,"Tobias,  Charles"
2600,"Franklyn,  Milt"
2601,"Stalling,  Carl  W."
2602,"Livingston,  Alan"
2603,"Lennertz,  Christopher"
2604,"Mochizuki,  Misato"
2605,"Liu,  Tianhua"
2606,"Glanert,  Detlev"
2607,"Dessner and Parry,  Bryce and Richard Reed"
2608,"Pryor,  Arthur"
2609,"Medtner,  Nikolai"
2610,"Mallonee [Mallonée],  Caroline"
2611,"Soper,  Kate"
2612,"Schoenberg,  Adam"
2613,"Heidelberger,  Nathan"
2614,"Trifonov,  Daniil"
2615,"Van Heusen,  Jimmy"
2616,"Coleman,  Cy"
2617,"Mercer,  Johnny"
2618,"Silvers,  Dolores Vicki"
2619,"Mann,  David"
2620,"Haggart,  Bob"
2621,"Mostel,  Raphael"
2622,"Handel/ Mason,  George/Lowell"
2623,"Coletti,  Christopher"
2624,"Hudson,  Caleb"
2625,"Riese,  Mark"
2626,"Williams,  Pharrell"
2627,"Simons,  Moises"
2628,"Novacek,  John"
2629,"Rodine,  Saevar"
2630,"Egan,  Elizabeth"
2631,"Paunio,  Pyry"
2632,"Harris,  Gavin"
2633,"Villegas,  Mondriana"
2634,"Rankin,  Rimari"
2635,"Juarez,  Demicis"
2636,"Heidrich,  Peter"
2637,"Gang and He,  Chen and Zhanhao"
2638,"Westhoff,  Johann  Paul von"
2639,"Kovacs [Kovács],  Bela [Béla]"
2640,"Yuste Moreno,  Miguel"
2641,"Ewald,  Victor"
2642,"Colombier,  Michel"
2643,"Cohen,  Lenoard"
2644,"Botti,  Chris"
2645,"Page, Plant, and Bonham,  Jimmy, Robert, and John"
2646,"Foster,  David"
2647,"Mitchell,  Willie"
2648,"Krawczyk,  Franck"
2649,"Sabat,  Marc"
2650,"Ergun,  Cenk"
2651,"Grey,  Mark"
2652,"Aucoin,  Matthew"
2653,"Cerrone,  Chris"
2654,"Kline,  Phil"
2655,"Ludwig,  David"
2656,"Kahane,  Gabriel"
2657,"Lash,  Hannah"
2658,"Purrington,  Hilary"
2659,"Johnson,  John  Rosamund"
2660,"Adams,  Samuel"
2661,"Di Castri,  Zosha"
2662,"Gordon,  Michael"
2663,"Bielawa,  Lisa"
2664,"Dessner,  Bryce"
2665,"Rountree,  Christopher"
2666,"Sivan,  Noam"
2667,"Barrière ,  Jean-Baptiste"
2668,"Hodge,  Huck"
2669,"Lara,  Felipe"
2670,"Barry,  Gerald"
2671,"Braxton,  Tyondai"
2672,"Jacobson,  Colin"
2673,"Hartonen,  Aino"
2674,"Won,  Taehyun"
2675,"Ng,  Aidan"
2676,"Negron,  Angelica"
2677,"Andrade,  Angie"
2678,"Higdon,  Jennifer"
2679,"Fure,  Ashley"
2680,"Gosfield,  Annie"
2681,"Hirsch/Lanz,  Shelley/Joke"
2682,"Dempster,  Thomas"
2683,"Eckert,  Gerald"
2684,"Lee,  Damon"
2685,"Laub,  Fernando"
2686,"Babcock,  Andrew"
2687,"Leon,  Tania"
2688,"Hembree,  Paul"
2689,"Patrono,  Clelia"
2690,"Jones,  Jeremie"
2691,"Einbond,  Aaron"
2692,"Walters,  Andrew"
2693,"Schedel,  Margaret"
2694,"Vakeva,  Kari"
2695,"Bailey,  Christopher"
2696,"Frankel,  Ari"
2697,"Kim,  HanNa"
2698,"Ueno,  Ken"
2699,"Nichols,  Charles"
2700,"Fritts,  Lawrence"
2701,"Evans,  Eric"
2702,"Niblock,  Phill"
2703,"PUBLIQuartet,"
2704,"Norpoth,  John-Paul/Jannina"
2705,"Zaki,  Mark"
2706,"Cline,  Nicholas"
2707,"Wright,  Maurice"
2708,"Szymanski,  Fred"
2709,"Hoffman,  Elizabeth"
2710,"Howe,  Hurbert"
2711,"Ainger,  Marc"
2712,"von Reusner,  Clemens"
2713,"Luhmann,  Grant"
2714,"Hass,  Jeffrey"
2715,"Nichols,  John"
2716,"Kramer,  Reiner"
2717,"Moore,  Ted"
2718,"Thomas,  Paul  David"
2719,"Clausen,  Joshua"
2720,"Lyon,  Eric"
2721,"Cunningham,  Stuart"
2722,"Dashow,  James"
2723,"Grippe,  Ragnar"
2724,"Wang,  Tuo"
2725,"Gatti,  Paolo"
2726,"Cerar/Borissov,  Maja/Liubo"
2727,"Otani,  Yasuhiro"
2728,"Li,  Wuan-chin"
2729,"Mailman,  Joshua"
2730,"Gogins,  Michael"
2731,"Kotcheff,  Thomas"
2732,"Stark,  Christopher"
2733,"Kihlstedt,  Carla"
2734,"Bleckmann,  Theo"
2735,"Shaw,  Caroline"
2736,"Kouyoumdjian,  Mary"
2737,"Jacobsen,  Colin"
2738,"Alexander,  Lucas"
2739,"Qian,  Yibing"
2740,"Ranjbaran,  Behzad"
2741,"Lenon/McCartney,  John/Paul"
2742,"Renie [Renié],  Henriette"
2743,"Graham,  Peter"
2744,"Pascuzzi,  Gregory"
2745,"Gates,  Dorothy"
2746,"Anonymous,"
2747,"Leidzen,  Erik"
2748,"Araujo,  Benjamin"
2749,"Estrella,  Marisol"
2750,"Hata,  Yusei"
2751,"Rabiu,  Isai"
2752,"Gontarcyk,  Nikita"
2753,"Weerakkody,  Suvani"
2754,"Hurlstone,  William"
2755,"Malin and Cordero,  Leslie and Percaiz"
2756,"Tzu,  Huang"
2757,"Thomas,  Michael  Tilson"
2758,"Broughton,  Bruce"
2759,"Davies,  Tansy"
2760,"Thorvaldsdottir,  Anna"
2761,"Bjork [Björk],"
2762,"Wubbels,  Eric"
2763,"Pluta,  Sam"
2764,"Fulmer,  David"
2765,"Azmeh,  Kinan"
2766,"Perez,  Edward"
2767,"Feng,  Shuya"
