"","composerName"
"1","Beethoven,  Ludwig  van"
"11","Weber,  Carl  Maria Von"
"21","Hummel,  Johann"
"51","Rossini,  Gioachino"
"71","Mozart,  Wolfgang  Amadeus"
"81","Kalliwoda,  Johann  W."
"96","Bellini,  Vincenzo"
"101","Romberg,  Bernhard"
"232","Pacini,  Giovanni"
"296","Onslow,  George"
"392","Thalberg,  Sigismond"
"456","Herz,  Henri"
"488","Lindpaintner,  Peter  Von"
"529","Haydn,  Franz  Joseph"
"538","Mendelssohn,  Felix"
"565","Spohr,  Louis"
"585","Nini,  Alessandro"
"591","Donizetti,  Gaetano"
"777","Reicha,  Antoine(-Joseph)"
"829","Herold,  Louis  Joseph Ferdinand [Hérold]"
"858","Bochsa,  Robert  N. C."
"875","Vieuxtemps,  Henri"
"964","Marschner,  Heinrich  August"
"1007","Bennett,  William  Sterndale"
"1016","Meyerbeer,  Giacomo"
"1034","Ries,  Ferdinand"
"1052","Kreutzer,  Conradin"
"1072","Cherubini,  Luigi"
"1076","Mercadante,  Giuseppe  Saverio"
"1080","Traditional,"
"1088","Heller,  Stephen [István]"
"1092","Mehul [Méhul],  Etienne  Nicolas"
"1110","Loder,  George, Jr."
"1131","Beriot,  Charles-Auguste  de"
"1138","Reissiger,  Karl  Gottlieb"
"1163","Furstenau,  Anton  Bernhard"
"1166","Berlioz,  Hector"
"1226","Verdi,  Giuseppe"
"1265","Chopin,  Frédéric"
"1273","Bristow,  George  Frederick"
"1315","Hiller,  Ferdinand"
"1343","Eisenhofer,  Franz  Xaver"
"1378","Dussek,  Jan  Ladislav"
"1453","Moscheles,  Ignaz"
"1471","Lachner,  Franz"
"1489","Gade,  Niels"
"1507","Jacobi,  Frederick"
"1509","Granz,  Norman"
"1522","Schmitz,  Henry"
"1525","Schumann,  Robert"
"1575","Costa,  Sir  Michael"
"1614","Nicholson,  Charles"
"1720","Maurer,  Ludwig  Wilhelm"
"1739","Benedict,  Jules"
"1742","Fuchs,  H."
"1748","Schubert,  Franz"
"1754","David,  Ferdinand"
"1758","Spontini,  Gasparo"
"1786","Heinemeyer,  Ernst  Wilhelm"
"1798","Dancla,  Jean  Charles"
"1804","Wallace,  William  Vincent"
"1810","Litolff,  Henry  Charles"
"1950","Kalkbrenner,  Friedrich [Frédéric]"
"2016","Haase,  Carl  F.W."
"2097","Abt,  Franz"
"2146","Gumbert,  Friedrich  Adolf"
"2149","Paganini,  Nicolò"
"2152","Fesca,  Alexander  (Ernst)"
"2155","Lobe,  Johann  Christian"
"2188","Mason,  William"
"2234","Gockel,  August"
"2240","Bordese,  Luigi"
"2257","Parish-Alvars,  Elias"
"2312","Handel,  George  Frideric"
"2323","Lortzing,  Albert"
"2363","Schneider,  Johann  C. Friedrich"
"2375","Baumann,  F."
"2441","Eisfeld,  Theodore"
"2459","Sainton,  Prosper"
"2475","Schreiber,  Louis"
"2568","Wagner,  Richard"
"2667","Mollenhauer,  Friedrich"
"2679","Gluck,  Christoph  Willibald"
"2685","Dessauer,  Josef"
"2842","Goldbeck,  Robert"
"2848","Rode,  Jacques  Pierre Joseph"
"2872","Henselt,  Adolf  Von"
"2896","Gottschalk,  Louis  Moreau"
"2908","Schindelmeisser,  Ludwig"
"2922","Ernst,  Heinrich  Wilhelm"
"2930","Rietz,  Julius"
"2994","Goltermann,  Georg  Eduard"
"3006","Servais,  Adrien  Francois"
"3050","Nicolai,  Otto"
"3352","Topliffe,"
"3358","Field,  John"
"3364","Rubinstein,  Anton"
"3412","Liszt,  Franz"
"3452","Arne,  Thomas"
"3489","Napoleon,  Arthur"
"3495","Stigelli,  Giorgio"
"3544","Satter,  Gustave"
"3583","Auber,  Daniel-François"
"3671","Haertel,  A."
"3744","Kummer,  Friedrich  August"
"3804","Mollenhauer,  Edward"
"3808","Tedesco,  Ignaz  Amadeus"
"3812","Lubeck,  Ernst"
"3830","Saar,  Wiiliam"
"3842","Lucas,"
"3911","Shaw,  David  T."
"3934","Wallace,"
"3957","Hopkins,  Charles  Jerome"
"3980","Otten,  William  F."
"4187","Mills,  Sebastian  Bach"
"4233","Verzano,"
"4302","Anthem,"
"4366","Stradella,  Alessandro"
"4416","Brahms,  Johannes"
"4461","Neukirchner,  Wenzel"
"4472","Lipinsky,  Karl  Joseph"
"4538","Bach,  Johann  Sebastian"
"4575","Clapisson,  Antoine  Louis"
"4636","Bergner,  Frederick"
"4722","Gounod,  Charles"
"4768","Artot,  Alexandre"
"4798","Esser,  Heinrich"
"4803","Evers,  Carl"
"4883","Flotow,  Friedrich  Von"
"4888","Hohnstock,  Carl"
"4937","Ritter,  Frederic  Louis"
"4959","Alard,  Jean  Delphin"
"4994","Palestrina,  Giovanni  Da"
"5003","Bargiel,  Woldemar"
"5071","Prume,  Jehin"
"5093","Wehli,  James  M."
"5137","Burgmuller,  Norbert"
"5217","Volkmann,  Friedrich  Robert"
"5315","Bruch,  Max"
"5397","Veit,  Wenzel  Heinrich"
"5401","Kinkel,  Johanna"
"5461","Catel,  Charles  Simon"
"5469","Bull,  Ole"
"5535","Rizzo,  Giovanni  Battista [Riccio]"
"5570","Raff,  Joachim"
"5606","Goldmark,  Karl"
"5853","Bergmann,  Carl"
"5908","Reinecke,  Carl"
"5937","Dachauer,  Louis"
"5992","Heinefetter,  Wilhelm"
"6016","Boieldieu,  François-Adrien"
"6025","Frey,  M."
"6121","Erdmannsdorfer,  Max  Von"
"6169","Pinsoti,"
"6201","Matzka,  George"
"6357","Grimm,  Julius  Otto"
"6405","Dietrich,  Albert  Hermann"
"6475","Lassen,  Eduard"
"6478","Damrosch,  Leopold"
"6507","Bulow,  Hans  Von"
"6532","Pfeffer,  Walter"
"6577","Metzdorff,  Richard"
"6610","Tchaikovsky,  Pyotr  Ilyich"
"6685","Rameau,  Jean-Philippe"
"6757","Leschetizky,  Theodor"
"6810","Saint-Saens [Saint-Saëns],  Camille"
"7210","Fuchs,  Robert"
"7211","Bronsart,  Hans  Von"
"7325","Wilhelmj,  August  Daniel Ferdinand"
"7390","Svendsen,  Johan"
"7392","Glinka,  Mikhail"
"7434","Grieg,  Edvard"
"7588","Sarasate,  Pablo  de"
"7688","Bazzini,  Antonio"
"7813","Boccherini,  Luigi"
"7928","Soderman [Söderman],  August"
"8000","Pergolesi,  Giovanni  Battista"
"8076","Scharwenka,  Franz  Xaver"
"8089","Brull,  Ignaz"
"8227","Kiel,  Friedrich"
"8318","Curschmann,  Karl  Friedrich"
"8325","Schumann,  Clara"
"8332","Franz,  Robert"
"8394","Bruckler,  Hugo"
"8417","Jommelli,  Niccolò"
"8451","Reinhold,  Hugo"
"8483","Bizet,  Georges"
"8527","Fischer,  Adolf"
"8609","Dvorak,  Antonín"
"8907","Rossi,  Francesco"
"8925","Rheinberger,  Joseph"
"9106","Huber,  Hans"
"9249","Goetz,  Hermann"
"9291","Cowen,  Sir  Frederic  Hymen"
"9320","Lotti,  Antonio"
"9361","Gradener [Grädener],  Hermann"
"9460","Thomas,  Ambroise"
"9512","Mackenzie,  Alexander  C."
"9540","Tartini,  Giuseppe"
"9617","Widor,  Charles  Marie"
"9627","Henschel,  Sir  George"
"9677","Stanford,  Sir  Charles  Villiers"
"9684","Molique,  Wilhelm  Bernhard"
"9825","Massenet,  Jules"
"9865","Strauss,  Richard"
"9956","Nicode [Nicodé],  Jean  Louis"
"10077","Draeseke,  Felix"
"10085","Wieniawski,  Henri"
"10126","Krug,  Arnold"
"10131","Bruckner,  Anton"
"10185","Lalo,  Edouard"
"10326","Scholz,  Bernhard  E."
"10484","Bird,  Arthur"
"10492","Hartmann,"
"10583","Herbert,  Victor"
"10646","Gretry [Grétry],  Andre [André]  Ernest Modeste"
"10703","Franchetti,  Baron  Alberto"
"10786","D'Albert,  Eugen"
"10938","Smetana,  Bedrich"
"11245","Reyer,  Ernest"
"11820","Paine,  John  Knowles"
"11927","Lassus,  Orlande  De"
"11955","Moszkowski,  Moritz"
"12014","Burmeister,  Richard"
"12043","Joachim,  Joseph"
"12092","Delibes,  Léo"
"12112","Chaminade,  Cécile"
"12117","Bemberg,  Herman"
"12187","Jensen,  Adolf"
"12315","Schutz,  Heinrich"
"12384","Damrosch,  Walter"
"12500","Scharwenka,  Philipp"
"12641","Koch,  Friedrich  E."
"13049","Beach,  Amy"
"13067","Gilson,  Paul"
"13097","Godard,  Benjamin"
"13166","Klughardt,  August"
"14486","Strong,  George  Templeton"
"14573","Parry,  Sir  Charles  Hubert H."
"14589","Korbray,  Francis  Alexander"
"14993","Sinding,  Christian"
"15045","Somervell,  Sir  Arthur"
"15095","Cornelius,  Peter"
"15105","Haynes,  Walter  Battison"
"15397","Humperdinck,  Engelbert"
"15451","MacDowell,  Edward  A."
"15592","Rudorff,  Ernst"
"15731","Martini,  Giovanni  Battista"
"16233","Paderewski,  Ignacy  Jan"
"16357","Schillings,  Max  Von"
"16437","Chadwick,  George  Whitefield"
"16513","Lamond,  Frederic"
"16654","Elgar,  Sir  Edward"
"16665","Morley,  Thomas"
"16781","Sullivan,  Sir  Arthur  Seymour"
"17003","Rucken,"
"17013","Storck,"
"17087","Strauss,  Josef"
"17091","Wood,  Mary  Knight"
"17104","Leoncavallo,  Ruggero"
"17269","Kelley,  Edgar  Stillman"
"17284","Arditi,  Luigi"
"17306","Schytte,  Ludvig"
"17384","Guilmant,  Alexander"
"17414","Zoellner,  Heinrich"
"17426","Sieveking,  Martinus"
"17462","Brockway,  Howard"
"17958","Borodin,  Alexander"
"18258","Tosti,  Francesco  Paolo"
"18297","Strauss,  Johann, II"
"18375","Balfe,  Michael  William"
"18443","Novacek,  Ottokar  (Eugen)"
"18543","Wagner,  Siegfried"
"18727","Glazunov,  Alexander"
"18758","Huss,  Henry  Holden"
"18774","Weingartner,  Felix"
"18775","Dubois,  Theodore"
"18923","Nevin,  Ethelbert"
"18951","Charpentier,  Gustave"
"18974","Calvisius,  Sethus"
"18977","Praetorius,  Michael"
"18980","Gruber,  Franz  Xaver"
"19167","Foote,  Arthur"
"19483","Van Der Stucken,  Frank"
"19589","Alsneff,"
"19595","Popper,  David"
"19620","Saar,  Louis  Victor"
"19798","Scarlatti,  Domenico"
"19863","Guiraud,  Ernest"
"19979","Bruneau,  Alfred"
"20195","Suk,  Josef"
"20336","Purcell,  Henry"
"20588","Rimsky-Korsakov,  Nikolai"
"20786","Loewe,  Johann  Carl"
"21083","Parker,  Horatio"
"21193","Vilbac,  Alphonse Charles Renaud  de"
"21227","Thome [Thomé],  Francis"
"21236","Chabrier,  Emmanuel"
"21240","Bayer,  Joseph"
"21249","Waldteufel,  Emil"
"21251","Czibulka,  Alphons"
"21258","Sousa,  John  Philip"
"21262","Fahrbach,  Philipp"
"21263","Ganne,  Louis"
"21266","Ketterer,  Eugène"
"21270","Musorgsky,  Modest"
"21275","Ziehrer,  Carl  Michael"
"21307","Franck,  César"
"21313","Mascagni,  Pietro"
"21316","Strauss,  Johann, Sr."
"21320","Jessel,  Leon"
"21330","Tcherepnin,  Nikolai"
"21342","Gillet,  Ernest"
"21345","Suppe [Suppé],  Franz  Von"
"21357","Lacombe,  Louis"
"21378","Schenck,  Elliott"
"21379","Keler-Bela [Kéler-Béla],"
"21434","Oberthur,  Charles"
"21451","Kretschmar,  Edmund"
"21465","Pirani,  Eugenio  di"
"21499","Blon,  Franz  von"
"21580","Bendel,  Franz"
"21597","Burckhardt,  J."
"21620","Puccini,  Giacomo"
"21722","Nesvadba,  Josef"
"21727","Nessler,  Viktor  Ernst"
"21805","Popp,"
"21815","Johns,  Clayton"
"21929","Gungl [Gung'l],  Joseph"
"21971","Ries,  Franz"
"21975","Westerhout,  Nicola  van"
"21984","Bohm,  Carl"
"22027","Ochs,  Siegfried"
"22140","Kempter,  Lothar"
"22469","Hausegger,  Siegmund  von"
"22496","Hadley,  Henry  Kimball"
"22680","Sibelius,  Jean"
"23107","Caetani,  Roffredo"
"23278","Monsigny,  Pierre  Alexandre"
"23318","Pfeiffer,  Georges  Jean"
"23326","Perilhou,  Albert"
"23479","Hegner,  Anton"
"23488","Thomas,  Arthur  Goring"
"23644","Von Blon,  Franz"
"23736","Schumann,  Georg"
"23882","Klein,  Bruno  Oscar"
"24272","Artsibushev,  Nikolai  Vassilievitch"
"24279","Vitols,  Jazeps"
"24286","Lyadov,  Anatoli"
"24300","Sokolov,  Nikolai  Alexandrovich"
"24768","Unknown,"
"24911","Bassani,  Giovanni  Battista"
"24916","Duparc,  Henri"
"24931","Mahler,  Gustav"
"24983","Friml,  Rudolf"
"25081","Improvisation,"
"25100","Lully,  Jean  Baptiste"
"25287","Hofmann,  Josef"
"25361","Debussy,  Claude"
"25395","Sgambati,  Giovanni"
"25492","Chausson,  Ernest"
"25768","Roentgen [Röntgen],  Julius"
"25840","Wolf,  Hugo"
"25957","Ysaye,  Eugène"
"26291","Giordano,  Umberto"
"26526","Eckert,  Karl"
"26590","Indy,  Vincent  d'"
"26608","Vidal,  Paul  Antonin"
"26673","Jongen,  Joseph"
"26684","Loeffler,  Charles  Martin"
"26895","De Fontenailles,  Henri"
"26901","Wekerlin,  Jean-Baptiste"
"26997","Boellmann,  Leon"
"27393","Weber-Berlioz,"
"27483","Lindner,  August"
"27493","Demantius,  Christoph"
"27494","Louis XIII,"
"27522","Converse,  Frederick  S."
"27874","German,  Edward"
"27883","Reznicek,  Emil  Nikolaus von"
"27909","Lyapunov,  Sergius  Mikhailovich"
"27979","Scriabin,  Alexander"
"28123","Kreisler,  Fritz"
"28197","Metzl,  Vladimir"
"28205","Folk Song,"
"28218","Lvov,  Alexey"
"28227","Schelling,  Ernest"
"28231","Stewart,  Humphrey  J."
"29252","Faure [Fauré],  Gabriel-Urbain"
"29334","Pierne [Pierné],  Gabriel"
"29402","Wolff,"
"29610","Glaassen,  A."
"29619","Wengert,  Jules"
"29622","Pache,  J."
"29628","Unspecified,"
"29678","Stahlberg,  Fritz"
"30057","Quilter,  Roger"
"30186","Ravel,  Maurice"
"30195","Dukas,  Paul"
"30209","Rachmaninoff,  Sergei"
"30526","Victoria,  Tomás  Luis de"
"30541","Arcadelt,  Jacques"
"30556","Sweelinck,  Jan  Pieterszoon"
"30661","Vecchi,  Orazio"
"30691","Gretchaninoff,  Alexander"
"30975","Scudrei,  Salvatore"
"30979","Giordani,  Giuseppe"
"31023","Fiedler,  Max"
"31447","Bull,  John"
"31449","Farnaby,  Giles"
"31464","Busoni,  Ferruccio"
"31493","Durante,  Francesco"
"31495","Schreck,  Gustav"
"31496","Pluddemann,"
"31647","Pfitzner,  Hans"
"31757","Delius,  Frederick"
"31890","Stock,  Frederick  A."
"31971","Kaun,  Hugo"
"32015","Wade,  John  Francis"
"32081","Corner,  Dr.  David  Gregor"
"32103","Redner,  Lewis"
"32323","Enesco,  Georges"
"32745","Spross,  Charles  Gilbert"
"32753","Cadman,  Charles  Wakefield"
"35388","Sinigaglia,  Leone"
"35391","Martucci,  Giuseppe"
"35393","Bossi,  Marco  Enrico"
"35622","Kolar,  Victor"
"35669","Stojowski,  Sigismond"
"35723","Tinel,  Edgar"
"36198","Laucella,  Nicola"
"36262","Stange,  Max"
"36796","Gevaert,  François-Auguste"
"37071","Othegraven,  August  von"
"37236","Schjelderup,  Gerhard"
"37291","Van Der Pals,  Leopold"
"37439","Fibich,  Zdenko"
"37487","Tertius-Noble,  Thomas"
"37492","Pointer,  John"
"37507","Broome,  Edward"
"37636","Witt,  Friedrich"
"37743","Reger,  Max"
"37777","Thuille,  Ludwig"
"37844","Boyle,  George  Frederick"
"37853","Vivaldi,  Antonio"
"37857","Wolf-Ferrari,  Ermanno"
"38412","Nowowiejski,  Felix"
"38733","Hue [Huë],  Georges  Adolphe"
"38820","Ritter,  Alexander"
"38856","Coleridge-Taylor,  Samuel"
"38877","Esposito,  Michele"
"38884","Clay,  Spencer"
"38891","Marshall,  Charles"
"38913","Graener,  Paul"
"38975","Korngold,  Erich"
"38984","Leclair,  Jean  Marie"
"39955","Gernsheim,  Friedrich"
"39968","Viotti,  Giovanni  Battista"
"40287","Caccini,  Giulio"
"40296","Philidor,  Francois-Andre"
"40305","Brown,  Wilson"
"40314","Lie,  Sigurd"
"40323","Glibert,"
"40332","La Forge,  Frank"
"40533","Stransky,  Josef"
"40578","Lange,"
"40589","Schulz,  Leo"
"40635","Hughes,  Herbert"
"40841","VARIOUS,"
"40995","Ambrose,  Paul"
"41006","Manney,  Charles  Fonteyn"
"41050","Rathbone,  George"
"41092","Gardiner,  Henry  Balfour"
"41112","Alcock,  Gilbert"
"41132","Knight,  G.  H."
"41463","Fanelli,  Ernest"
"41501","Halevy [Halévy],  Fromental"
"41759","Gilbert,  Henry  F."
"41761","Humiston,  William  Henry"
"41807","Dalayrac,  Nicolas-Marie"
"42267","Dykes,  John  Bacchus"
"42627","Zandonai,  Riccardo"
"42798","Harris,  Joel  Chandler"
"42822","Coolidge,  Elizabeth  Sprague"
"42830","Rickett,  Edmond"
"42838","Ingraham,  George"
"42875","Lekeu,  Guillaume"
"43090","Bantock,  Granville"
"43092","Jarnefelt [Järnefelt],  Armas"
"43148","Roger-Ducasse,  Jean"
"43385","Ropartz,  Joseph  Guy"
"43752","Lang,  Margaret  R."
"43920","Demonstration,"
"44005","Fleck,  Fritz"
"44040","Noren,  Heinrich  Gottlieb"
"44487","Romberg,  Sigmund"
"44506","Green,  Arthur  N."
"44525","Costa,  G."
"44736","Secchi,  Antonio"
"44769","Koechlin,  Charles"
"44825","Offenbach,  Jacques"
"44904","Rubetz,  A.  T."
"45044","Grainger,  Percy"
"45182","Roussel,  Albert"
"45192","Stravinsky,  Igor"
"45368","Monteverdi,  Claudio"
"45787","Bungert,  August"
"45934","Schmitt,  Florent"
"46368","Sullivan,  Archibald  Beresford"
"46401","Sendrey,  Alfred"
"46412","Bruhns,  Arthur"
"46478","Falck,  Edward"
"46500","Peel,"
"46569","Barrere [Barrère],  Georges"
"46574","Caplet,  Andre [André]"
"46762","Kjerulf,  Halfdan"
"46914","Kahn,  Robert"
"47309","Burck,  Henry"
"47356","Wolff,  Eric"
"47368","Hermann,  Hans"
"47380","Rummel,  Walter  Morse"
"47392","Neidlinger,  William  Harold"
"47404","Wells,  John  Barnes"
"47416","Brewer,  Sir  Alfred  Herbert"
"47476","Carpenter,  John  Alden"
"47674","Hinton,  Arthur"
"48425","Lieurance,  Thurlow"
"48435","Rogers,  James  H."
"48945","Mayseder,  Joseph"
"49008","Maryon,  Edward"
"49137","Schoenberg,  Arnold"
"49204","Dargomiszky,  Alexander"
"49525","Aubert,  Louis"
"49613","Barnaby,  Gunn"
"49637","Adam,  Adolphe  Charles"
"49704","Godowsky,  Leopold"
"49711","Severn,  Edmund"
"50025","Campbell-Tipton,  Louis"
"50033","Scott,  Cyril"
"50093","Mason,  Daniel  Gregory"
"50107","Bingham,  Seth"
"50274","Kalinnikov,  Vassili"
"50278","Smith,  David  Stanley"
"50303","Horsman,  Edward  Imeson, Jr."
"50317","Lehmann,  Liza"
"50449","Sharp,  Earl  Cranston"
"50462","Horn,  Charles  Edward"
"50475","Lange,  Samuel  de, Jr."
"50844","Kramer,  Alex  Walter"
"50989","Taylor,  Deems"
"51097","Merikanto,  Oskar"
"51133","Palmgren,  Selim"
"51732","Riedel,  Karl  Heinrich"
"51744","Wilbye,  John"
"51748","Battishill,  Jonathan"
"52375","Ponchielli,  Amilcare"
"52655","Ivanovici,  Ion"
"52685","Johnstone,  Maurice"
"52730","Loomis,  Harvey  Worthington"
"52923","Rogers,  Frederic"
"53239","Burleigh,  Henry [Harry]  Thacker"
"53269","Clough-Leighter,  Henry"
"53314","Floridia,  Pietro"
"53566","Fletcher,  Percy"
"53735","Ware,  Harriet"
"53906","Lohr [Löhr],  Herman"
"53945","Salter,"
"53958","Mollison,"
"53971","Russell,"
"54150","Leroux,  Xavier  Henry Napoleon"
"54220","Granados,  Enrique"
"54230","Sibella,  Gabrielle"
"54376","Rabaud,  Henri"
"54830","Zimbalist,  Efrem"
"55072","Hegar,  Friedrich"
"55088","Reinthaler,  Karl"
"55184","Mair,  Franz"
"55232","Elsenheimer,  N.  J."
"55251","Goldmark,  Rubin"
"55654","Vogrich,  Max  Wilhelm Karl"
"55716","David,  Felicien  Cesar"
"56355","Georges,  Alexandre"
"56809","Otterstrom,  Thorvald"
"56952","McCabe,  James  J."
"56988","Woodman,  Raymond  Huntington"
"56997","Steffe,  William"
"57006","Foster,  Stephen  Collins"
"57373","Homer,  Sidney"
"57594","Stokowski,  Leopold"
"57657","Osgood,  James  R."
"57666","Bridge,  Frank"
"57939","Hubay,  Jeno"
"57944","Whithorne,  Emerson"
"57988","Bloch,  Ernest"
"58183","Redhead,  Richard"
"58405","Stillman-Kelley,  Edgar"
"58454","Fourdrain,  Félix  Alfred"
"58488","Arensky,  Anton  Stepanovich"
"58505","Mana Zucca,"
"58542","McFadyen,"
"58558","Sans Souci,  Gertrude"
"58670","Chiaffarelli,  Albert"
"58679","Hill,  Edward  Burlingame"
"58836","Sowerby,  Leo"
"58883","Dvorsky,  Michel"
"58936","Smith,  John  Stafford"
"58937","Lisle,  Claude-Joseph  R. De"
"59072","Greef,  Arthur  De"
"59076","Geral,"
"59134","Wilson,  Mortimer"
"59165","Messager,  Andre [André]  Charles Prosper"
"59240","Ippolitov-Ivanov,  Mikhail"
"59334","Bourk,  Richard  C."
"59419","Sabata,  Victor  De"
"59433","Sweet,  Reginald"
"59480","Boulanger,  Lili"
"59528","Lorenziti,  Bernard"
"59536","Strube,  Gustav"
"59563","Borowski,  Felix"
"59753","Casella,  Alfredo"
"59809","Mouquet,  Jules"
"59850","Respighi,  Ottorino"
"59899","Powell,  John"
"60111","Ganz,  Rudolph"
"60167","Morris,  Harold"
"60176","Cutler,  Henry  Stephen"
"60505","Benoit,  Peter"
"60624","Bartok [Bartók],  Béla"
"60625","Dupont,  Gabriel"
"60669","Rogers,  Bernard"
"60703","McKinley,  Carl"
"60727","Turina,  Joaquin"
"60731","Novak,  Vitezslav"
"60753","Griffes,  Charles  Tomlinson"
"60899","Pierce,  Seneca"
"60947","Hageman,  Richard"
"61519","Lazzari,  Sylvio"
"61527","Steinberg,  Maximilian"
"61678","Maxwell,  Elsa"
"61689","Speaks,  Oley"
"61786","X,  Alfonso"
"61900","Boito,  Arrigo"
"61923","Riesenfeld,  Hugo"
"62145","Tommasini,  Vincenzo"
"62517","Albeniz [Albéniz],  Isaac"
"62604","Maloof,  A."
"63519","Sachnowsky,  G."
"63707","Lieber,  Arthur"
"63997","Malipiero,  Gian  Francesco"
"64196","Kekeu,"
"64262","Alfven [Alfvén],  Hugo"
"64526","Gliere [Glière],  Reinhold"
"64862","Vaughan Williams,  Ralph"
"64938","Labate,  Bruno"
"65218","Yon,  Pietro  Alessandro"
"65346","Grant,"
"65362","O'Hara,  Geoffrey"
"65661","Parbury,"
"65669","Wagenaar,  Johan"
"65751","Dohnanyi,  Erno  von"
"65780","Corelli,  Arcangelo"
"65992","Thrane,  Waldemar"
"66019","Leoni,  Franco"
"66665","Gruenberg,  Louis"
"66863","Faccio,  Franco"
"66942","Skilton,  Charles  Sanford"
"66952","Berners,  Lord"
"66953","Karlowicz,  Mieczyslaw"
"67106","Lalande,  Michel-Richard  De"
"67114","Le Flem,  Paul"
"67468","Holst,  Gustav"
"68176","Williams,  John  Gerard"
"68304","Prokofiev,  Sergei"
"68368","Philippe,"
"68409","Hammond,  William  G."
"68412","Goossens,  Eugene"
"68458","Leginska,  Ethel"
"68504","Vittoria,  Tomasso"
"68558","Kallinnikof,  Ivanof"
"68684","Waddington,  Samuel  P."
"68738","Rogers,"
"69079","Pizzetti,  Ilderbando"
"69095","Dopper,  Cornelius"
"69097","Diepenbrock,  Alphons"
"69099","Goudoever,  H.D.  van"
"69192","Faning,  Eaton"
"69262","Scalero,  Rosario"
"69353","Mengelberg,  Willem"
"69375","Watts,  Wintter"
"69404","Dunham,  Henry  M."
"69437","Hosmer,  Lucius"
"69460","Breil,  Joseph  C."
"69501","Halvorsen,  Johan"
"69512","Luigini,  Alexandre"
"69518","Dunn,  James  Philip"
"69637","Langley,  Allan  Lincoln"
"69930","Weiner,  Leo"
"69977","Savine,  Alexander"
"70041","Bach,  Carl  Philipp Emanuel"
"70176","Fairchild,  Blair"
"70360","Costeley,  Guillaume"
"70414","Moya,  Antoni  Perez"
"70450","Donostia,  Padre  (San Sebastian, P. Jose Antonio ne Zulaica)"
"70468","Romen,  Louis"
"71224","Buck,  Dudley"
"71383","Wetzler,  Hermann  Hans"
"71384","Anrooy,  Peter  G. Van"
"71509","Burgmein,  J."
"71594","Rebikov,  Vladimir  Ivanovich"
"71639","Schreker,  Franz"
"71692","Toch,  Ernst"
"71887","Saminsky,  Lazare"
"72023","Pick-Mangiagalli,  Riccardo"
"72193","Kornauth,  Egon"
"72321","Riegger,  Wallingford"
"72365","Kidder,  Max"
"72376","Reiser,  Alois"
"72384","Novick,  Nathan"
"72423","Marcelli,  Nino"
"72445","Bach, J. S. -Gounod,"
"73179","Scarlatti,  Alessandro"
"73314","Dale,  Benjamin  James"
"73324","Falla,  Manuel  de"
"73969","Saboly,  Nicolas"
"74095","Schroeder,  William"
"74707","Geissel,  J."
"74712","Becket,  Thomas  A."
"74893","Hanson,  Howard"
"75167","Casadesus,  Robert"
"75375","Schuecker,  Edmund"
"75379","Bellison,  Simeon"
"75468","Gallico,  Paolo"
"75480","Andreae,  Volkmar"
"75523","Mengelberg,  Rudolf"
"75719","Stoessel,  Albert"
"75773","Schreiner,  Alexander"
"75912","Komzak,  Karl"
"75991","Weismann,  Julius"
"76079","Hellmesberger,  Joseph, Jr."
"76128","Maganini,  Quinto"
"76414","Honegger,  Arthur"
"76732","Ballantine,  Edward"
"76833","Luzzi,  Luigi"
"76859","Lvovsky,"
"77072","Telemann,  Georg  Philipp"
"77077","Byrd,  William"
"77193","Copland,  Aaron"
"77342","Bottesini,  Giovanni"
"77781","Bergson,  Michal"
"77809","Ives,  Simon"
"78162","Tcherepnin,  Alexander"
"78232","Alvars,  Paris"
"78316","Bach,  Johann  Christian"
"78356","Braunfels,  Walter"
"78570","Gardner,  Samuel"
"78651","Tailleferre,  Germaine"
"79260","Ilgenfritz,  McNair"
"79806","Horst,  Louis"
"80196","Mowrey,  Dent"
"80352","Jonas,"
"80430","Valverde,  Joaquin"
"83767","Frey,  Hugo"
"83804","Rieti,  Vittorio"
"84366","Gebhard,  Heinrich"
"84670","Tansman,  Alexandre"
"84832","Poulenc,  Francis"
"84867","Hindemith,  Paul"
"84894","Gershwin,  George"
"85581","Bax,  Sir  Arnold"
"85639","Vivaldi-Bach,"
"85774","Hasse,  Johann  Adolph"
"86081","Valentini,  Giuseppe"
"86304","Work,  Henry  Clay"
"86372","Krenek,  Ernst"
"86682","Gabriel-Marie,"
"86786","Harling,  William  Franke"
"86812","Drigo,  Riccardo"
"86838","Rehfeld,"
"87282","Harris,  Roy"
"87489","Axt,  William"
"87515","McCoy,  William  J."
"88206","Collins,  Anthony"
"88222","Delamarter,  Eric"
"88299","Low,"
"88309","Edelshtadt,"
"88319","Raisin,  A."
"88379","Shaeffer,  Joseph"
"88486","Ibert,  Jacques"
"88716","Wagenaar,  Bernard"
"88793","Milhaud,  Darius"
"88853","Szymanowski,  Karol"
"89071","Zangius,  Nikolaus"
"89367","Ives,  Charles"
"89451","Gilmore,  Patrick  Sarsfield"
"89576","Miaskovsky,  Nikolai"
"89868","Janacek [Janácek],  Leoš"
"89937","Certon,  Pierre"
"90133","Abert,  Johann  Joseph"
"90134","Luther,  Martin"
"90321","Ward,  Samuel  Augustus"
"90878","Alvarez,"
"91294","Sonnett,"
"91301","Tuerck,"
"91308","Sturm-Biel,"
"91315","Curti,"
"91352","Spinelli,  Niccola"
"96182","Ferroud,  Pierre  Octave"
"96442","Mero,  Yolanda"
"96689","Busch,  Adolf"
"96973","Teschner,  Melchior"
"97077","Kodaly [Kodály],  Zoltán"
"97078","Brucken Fock,  Gerardus Hubertus Galenus  von"
"97168","Striegler,  Kurt"
"97174","Stearns,  Theodor"
"97208","Kaminski,  Heinrich"
"97283","Low,  Leo"
"97311","Bensman,  M."
"97325","Yasinowski,  P."
"97339","Schaeffer,  J."
"97395","Dubensky,  Arkady"
"97401","Ehrenberg,  Carl  Emil Theodor"
"97447","Nanino,  Giovanni  Maria"
"97468","Darcieux,  Francisque"
"97482","Ebeling,  Johann  Georg"
"97612","Paisiello,  Giovanni"
"97635","Geminiani,  Francesco"
"97732","Phile,  Philip"
"98305","Cui,  Cesar [César]"
"98562","Halffter,  Ernesto"
"98679","Espla [Esplá],  Oscar [Óscar]"
"98980","Willis,  Wallis"
"99709","Cimarosa,  Domenico"
"100277","Lane,  Eastwood"
"100475","Bowers,  Robert  Hood"
"100541","Goublier,"
"100739","Wachs,  Paul"
"100871","Eilenberg,  Richard"
"101003","Strickland,  Lily"
"101069","Stoughton,  Roy  Spaulding"
"105064","Bucharoff [Buchalter],  Simon"
"105126","Cassado [Cassadò],  Gaspar"
"105194","Atterberg,  Kurt"
"105346","Berezowsky,  Nicolai"
"105984","Mouret,  Jean  Joseph"
"106614","Wolfe,  Jacques"
"106669","Willson,  Meredith"
"107141","Balakirev,  Mily  Alekseyevich"
"107157","Coates,  Albert"
"107498","Satie,  Erik"
"108275","Fuleihan,  Anis"
"108386","Bergé,  Irénée"
"108830","Nevin,  Arthur"
"113606","Schmidt,  Franz"
"113671","Conus,  Jules"
"113674","Paer,  Ferdinando"
"114114","De Lamarter,  Eric"
"114352","Clement [Clément],  Charles  Francois [François]"
"114916","Castelnuovo-Tedesco,  Mario"
"114976","Guion,  David  Wendel F."
"115172","Janssen,  Werner"
"115341","Riegel,  Heinrich  Joseph"
"115361","Weinberger,  Jaromir"
"115399","Reed,  William  Henry"
"115725","Lachau,  Countess  Ada  de"
"116211","Cohen,  Sol  B"
"116373","Grunn,  Homer"
"116535","Nerini,  Emile"
"117021","Bach,  Wilhelm  Friedemann"
"120007","Joslyn,  Henry"
"120486","Maduro,  Charles"
"120753","Berg,  Alban"
"120754","Stolzel [Stölzel],  Gottfried  Heinrich"
"120775","Lopatnikoff,  Nikolai"
"120866","Gibbons,  Orlando"
"121005","Destouches,  Andre  Cardinal"
"121107","Noskowski,  Sigismund"
"121122","Sammartini,  Giovanni  B."
"121158","Chasins,  Abram"
"121523","Shostakovich,  Dmitri"
"121990","Bland,  James"
"122407","Cella,  Theodore"
"122456","Bennett,  Robert  Russell"
"123125","Lincke,  Paul"
"123137","Hively,  Wells"
"123209","Stoughton,  Roy"
"123457","Strauss,  Johann, Jr. & Josef"
"124494","Eichheim,  Henry"
"124691","Farley,  Roland"
"124696","Corby,  Mabelanna"
"125349","Cook,  Will  Marion"
"125373","Kern,  Jerome"
"125499","Handy,  William  Christopher"
"125595","Johnson,  Hall"
"125860","Tiomkin,  Dimitri"
"128342","Bishop,  Sir  Henry  Rowley"
"128688","Valerius,  Adriaen"
"128788","Jensen,  Ludwig  Irgens"
"128842","Moore,  Douglas  Stuart"
"128919","Nin,  Joachin"
"128952","Obradors,  Fernando"
"128989","Ettinger,  Max"
"129042","Hopkins,  John  Henry"
"129331","Shepherd,  Arthur"
"129410","Harty,  Hamilton"
"129490","Weprik,  Alexander"
"129491","Mosolov,  Alexander"
"133649","James,  Philip"
"133658","Braine,  Robert"
"134104","Barnett,  David"
"134123","Padilla,  José"
"134135","Green,  John"
"134141","Redman,  Donald  Matthew"
"134144","Still,  William  Grant"
"134147","Grofe [Grofé],  Ferde"
"134150","Loeb,  John  Jacob"
"134156","Ellington,  Duke"
"134258","Humphrey,  Doris"
"134423","Arlen,  Harold"
"134872","Pimsleur,  Solomon"
"135313","Levenson,  Boris"
"135961","Rodriguez [Rodríguez],  Arsenio"
"137033","Thompson,  Randall"
"137748","Manfredini,  Francesco"
"137971","Piston,  Walter"
"137972","Sanders,  Robert  L."
"137983","Franckenstein,  Clemens  Freiherr von und zu"
"138551","Andersen,  Joachim"
"138590","Blumer,  Theodore"
"138619","Chavarri,  Eduardo  Lopez"
"138625","Chavez [Chávez],  Carlos"
"138651","Wiener,  Jean"
"141474","Egk,  Werner"
"141491","Gasco,  Alberto"
"141571","Weill,  Kurt"
"141767","Stringham,  Edwin  S."
"141845","Sacchini,  Antonio"
"141918","Barlow,  Samuel  Latham Mitchell"
"141925","Noble,  T.  Tertius"
"142004","Kelley,  Daniel"
"142050","Barber,  Samuel"
"142332","Sonzogno,  Giulio  Cesare"
"144624","Palau Boix,  Manuel"
"147357","Swift,  Kay"
"148342","Dowland,  John"
"148362","Sammartini,  Giuseppe"
"148378","McBride,  Robert"
"149005","Stamitz,  Carl"
"149015","Gossec,  Francois  Joseph"
"149020","Mozart,  Leopold"
"149025","Piccinni,  Nicola"
"149082","Smyth,  Ethel"
"149121","Walton,  William"
"149166","Boyce,  William"
"149167","Butterworth,  George"
"149247","Knecht,  Justin  Heinrich"
"149251","Baerman,  Heinrich  Joseph"
"149368","Pochon,  Alfred"
"149404","Fiorillo,  Dante"
"149405","Helfter,  Walter"
"149406","Diamond,  Walter"
"149461","Howe,  Mary"
"149483","Kozeluch,  Leopold  Anton"
"149525","Zilcher,  Hermann"
"149526","Ruggles,  Carl"
"149661","Martinu,  Bohuslav"
"149685","Luening,  Otto"
"149850","Spalding,  Albert"
"149868","White,  Paul"
"149909","Andre [André] ,  José"
"150642","Curran,  Pearl"
"150650","Del Riego,  Theresa  Clotilde"
"151199","Kerby,  Paul"
"151232","Espejo,  Cesar"
"151429","Infante,  Manuel"
"152024","Rosenmuller,  Johannes"
"152464","Porter,  Quincy"
"152795","Stamitz,  Johann  Wenzel Anton"
"153193","Dittersdorf,  Karl  Von"
"153658","Forsyth,  Cecil"
"154214","Barbirolli,  John"
"154362","Binet,  Jean"
"154373","Jora,  Mihail"
"154383","Otesco,  Nonna"
"154483","Gabrieli,  Giovanni"
"155029","Nordoff,  Paul"
"155213","Mihalovici,  Marcel"
"155245","Denza,  Luigi"
"155247","Blanchet,  Emile  R."
"155277","Stringfield,  Lamar"
"155708","McDonald,  Harl"
"155808","Acqua,  Eva dell'"
"156185","Soler,  Padre"
"156278","Fuerst,  Eugene"
"156692","Dinicu,  Grigoras"
"157249","Vitali,  Giovanni  Battista"
"157250","Farwell,  Arthur"
"157251","Kerr,  Harrison"
"157254","Zachow,  Friedrich  Wilhelm"
"157255","Johnson,  Horace"
"157257","Josten,  Werner"
"157299","Read,  Gardner"
"157364","Gomes,  Antonio  Carlos"
"157513","Achron,  Isidor"
"157592","Daniels,  Mabel  Wheeler"
"157596","Koussevitzky,  Serge"
"157608","Gibilaro,  Alfonso"
"157616","Kremser,  Eduard"
"157728","Camilieri,  Lorenzo"
"157853","Alessandresco,  Alfred"
"157990","Golestan,  Stan"
"157996","Rogalski,  Theodor"
"157997","Andrico,  Michel  G."
"158062","Glantz,  Harry"
"158090","Bell,  William  Henry"
"158522","Ireland,  John"
"158784","Gilardi,  Girado"
"159009","Fitelberg,  Jerzy"
"159038","Moniuszko,  Stanislaw"
"159096","Rybicki,  Wojciech"
"159154","Blose,  Johann  M"
"159304","Biber,  Heinrich von"
"159506","Rossellini,  Renzo"
"159550","Rosenthal,  Moritz"
"159638","Schafer,  Dirk"
"159647","Gutman,  Arthur  H"
"159653","Gould,  Morton"
"159664","Schoenherr,  Max"
"159667","Lehar [Lehár],  Franz"
"159789","Kearney,  Peadar"
"159821","Glover,  Charles  William"
"160002","Diamond,  David"
"160184","Pillois,  Jacques"
"160473","Gregorian Chant,"
"160536","Haubiel,  Charles"
"160600","Warlock,  Peter"
"160883","Vactor,  David  Van"
"160935","Salzedo,  Carlos"
"161013","Dragoi,  Sabin  V(asile)"
"161029","Lipatti,  Dinu"
"161051","Szalowski,  Antoni"
"161177","Francaix [Françaix],  Jean"
"161603","Bonner,  Eugene  MacDonald"
"163143","Cesana,  Otto"
"163202","Reissiger,  Friedrich  August"
"163220","Alnaes,  Eyvind"
"163226","Johansen,  David  Monrad"
"163290","Wiechowicz,  Stanislaw"
"163302","Mignone,  Francisco"
"163310","Burle Marx,  Walter"
"163326","Villa-Lobos,  Heitor"
"163398","Fernandez [Fernândez],  Oscar  Lorenzo"
"163411","Perlea,  Jonel"
"163476","Martin,  Frank"
"163480","Beck,  Conrad"
"163484","Doret,  Gustave"
"163523","Bliss,  Arthur"
"163578","Catalani,  Alfredo"
"163757","Schuman,  William"
"164077","Britten,  Benjamin"
"164141","Dell'Acqua,  Eva"
"164220","Aguirre,  Julián"
"164265","Cailliet,  Lucien"
"164355","Zemachson,  Arnold"
"164577","Brun,  Fritz"
"164702","Spendiaryan,  Alexander"
"164856","Kalman [Kálmán],  Emmerich"
"165307","Marcello,  Benedetto"
"165428","Muller,  Wenzel"
"165548","Zador,  Eugen"
"165694","Kurthy,  Zoltan"
"165933","Herrmann,  Bernard"
"166342","Robinson,  Earl"
"166799","Giannini,  Vittorio"
"166925","Garcia-Estrada,"
"166930","Troiani-Bandini,"
"166935","Lopez-Buchardo,"
"166950","Oyanguren,  Julio  Martinez"
"166955","Tarrega,  Francisco"
"166970","Ugarte,  Floro  M(elitón)"
"167258","Hummel,  Ferdinand  B."
"167293","Becker,  John  J."
"167440","Spier,  La Salle"
"167445","Cowell,  Henry  Dixon"
"167924","Klemperer,  Otto"
"168212","Templeton,  Alec"
"168300","Babin,  Victor"
"168493","Bolzoni,  Giovanni"
"168601","Woltmann,  Frederick"
"168620","Zemlinsky,  Alexander"
"168625","Nabokov,  Nicolas"
"168643","Verrall,  John"
"168921","Stolz,  Robert"
"169075","Straus,  Oscar"
"169418","Holborne,  Anthony"
"169922","Portnoff,  Mischa"
"169969","Montemezzi,  Italo"
"170029","Naginski,  Charles"
"170326","Benjamin,  Arthur"
"170871","Sanjuan,  Pedro"
"172764","Creston,  Paul"
"172770","Lamonte de Grignon,  Joan"
"172802","Davies,  Sir  Walford"
"173160","Basie,  Count"
"173186","Sauter,  Eddie"
"173212","Sampson,  Edgar"
"173290","Prima,  Louis"
"173342","Baxter,  Phil"
"173368","Green,  Johnny"
"173394","Williams,  Mary Lou"
"174553","Alabieff,  Alexander"
"174672","Poldini,  Ede"
"174955","Adler,  Larry"
"175015","Katscher,  Robert"
"175047","Lee,  Dai-Keong"
"175237","Bayly,  Thomas  Haynes"
"175443","Larsson,  Lars  Erik"
"175481","Thomson,  Virgil"
"175615","Hasselmans,  Alphonse  Jean"
"175617","Zabel,  Albert  Heinrich"
"175673","Menotti,  Gian  Carlo"
"175742","Mathieu,  Andre"
"175745","Haufrecht,  Herbert"
"175873","Mohaupt,  Richard"
"175954","Vitali,  Tomaso  Antonio"
"175963","Weisgall,  Hugo"
"176031","Vosgerchien,  Luise"
"176039","Gooch,  William"
"176193","Dodworth,  Allen"
"176224","Sapp,  Allen  D."
"176325","Grunfeld [Gruenfeld],  Alfred"
"178717","Khachaturian,  Aram"
"178719","Stor,  Jean"
"178734","Brant,  Henry"
"178818","Garat,  Pierre"
"179010","Khrennikov,  Tikhon"
"179179","Cooley,  Carlton"
"179180","Elwell,  Herbert"
"179186","Harline,  Leigh"
"180456","Semmler,  Alexander"
"180828","Poot,  Marcel"
"180831","Enthoven,  Henri  Emile"
"181209","Tuthill,  Burnet"
"181234","Iturbi,  Jose"
"181325","Caturla,  Alejandro  García"
"181337","Barroso,  Ary"
"181343","Tavares,  Hekel"
"181349","Nassara-Barroso,"
"181435","Bate,  Stanley"
"181494","Violette,  Wesley  La"
"181606","Couperin,  Francois [François]"
"181607","Kabalevsky,  Dmitri"
"181657","Zimmerman,  Charles  A."
"181664","Golde,  Walter"
"181678","Crist,  Bainbridge"
"182046","Leonard,  Clair"
"182272","Kennan,  Kent"
"182413","Bacon,  Ernst"
"182430","Porter,  Cole"
"182556","Carmichael,  Hoagy"
"182765","Sieczynski,  Rudolf"
"182843","Benatzky,  Ralph"
"182869","Lessner,  George"
"183008","Borguno,  A."
"183035","Navarro,"
"183305","Breton,  Tomás"
"183359","Font,  M."
"183600","Proch,  Heinrich"
"183651","Farnon,  Robert  J."
"183667","Mueller,  Florian  F."
"183712","Steiner,  Max"
"183722","Newman,  Alfred"
"183732","Young,  Victor"
"183742","Schwartz,  Arthur"
"183752","Heusen,  James Van"
"183822","Ganin,  Kim"
"183862","Altman,  Arthur"
"183872","Warren,  Harry"
"183882","Whiting,  Richard"
"184115","Rozsa [Rózsa],  Miklós"
"184295","Hill,  Patty  and Mildred"
"184367","Gritton,  Eric"
"184458","Duke,  Vernon"
"184624","Coates,  Eric"
"184775","Rathaus,  Karol"
"184794","Guarnieri,  Camargo"
"184840","Beckett,  Wheeler"
"184920","Campra,  Andre"
"184956","Strimer,  Joseph"
"185004","Lutkin,  Peter  Christian"
"185031","Bernstein,  Leonard"
"185130","Labunski,  Felix"
"185344","Moross,  Jerome"
"185473","Verley,  Albert"
"185767","Tchesnokoff,  Pavel"
"185769","Knipper,  Lev"
"185839","Kay,  Ulysses  Simpson"
"185992","Blitzstein,  Marc"
"186270","Gotovak,  Jakov"
"186299","Tajtchevitch,  Marko"
"186752","Malotte,  Albert  Hay"
"186774","Phillips,  Burrill"
"186778","Schenk,  Robert  C."
"186838","Cohan,  George  Michael"
"186909","Wagner,  Joseph"
"187004","Clementi,  Muzio"
"187095","Wooldridge,  John"
"187470","Foss,  Lukas"
"187547","Meck,  Josef"
"187548","Kirnberger,  Johann  Philipp"
"187549","Benda,  Friedrich  Ludwig"
"187550","Haydn,  Michael"
"187551","Joseph I,"
"187552","Boehm,  Georg"
"187975","Menasce,  Jacques  De"
"188063","Klenner,  John"
"188067","Serly,  Tibor"
"188072","Kreutz,  Arthur"
"188114","Mennin,  Peter"
"188516","Schuyler,  Philippa  Duke"
"188518","Earle,  Edward"
"188962","Rodgers,  Richard"
"189042","Listov,  K."
"190672","Simon,  Nat"
"190698","Rose,  David"
"190711","Wright,  Robert"
"190776","Perez-Freire,  Osman"
"190789","Goodman,  Al"
"190802","Arndt,  Felix"
"190867","Berlin,  Irving"
"190880","Ruiz,  Gabriel"
"190958","Styne,  Jule"
"191176","Turlet,  A."
"191196","Tierney,  Harry"
"191676","Ravina,"
"191769","Pugni,  Cesare"
"191924","Malats,  Joaquin"
"192120","Eysler,  Edmund"
"192127","Lorenz,  Carl"
"192233","Goldman,  Edwin  Franko"
"192718","Adair,  Dorothy  W."
"192848","Bergsma,  William"
"193430","Barrymore,  Lionel"
"193769","Amanuensis,  A.  N."
"193841","Murray,  Lyn"
"193849","Scott,  Raymond"
"193929","Warnow,  Mark"
"194147","Anderson,  Paquita"
"194189","Andre,"
"194273","Gogliano,"
"195311","Saperton,  David"
"195448","Grever,  Maria"
"195465","Lara,  Agustín"
"195516","Freire,  Osman  Perez"
"195533","Lara,  Manuel  Manrique De"
"195550","Tucci,  Terig"
"195567","Lecuona,  Ernesto"
"195635","Penella,  Manuel"
"195652","Chueca,  Federico"
"195669","Larregla,  Joaquin"
"195754","Guizar,  Pepe"
"195839","Vallejo,"
"195856","Don Alfonso-Carriola,"
"195893","Gillis,  Don"
"195897","Veracini,  Francesco  Maria"
"195917","Kosakoff,  Reuven"
"196001","Bellini,  Renato"
"196041","Stix,  Carl"
"196121","Rangstrom,  Ture"
"196566","Napravnik (Nápravník),  Eduard  Frantsovitch"
"196763","Bodge,"
"196840","Clarke,  Robert  Coningsby"
"196980","Rolla,  Allesandro"
"197104","Nero,  Paul"
"197204","Ronald,  Langdon"
"197253","Addinsell,  Richard"
"197298","Tarenghi,  Mario"
"197361","Rose,  Peter de"
"197388","MacHugh,  Jimmy"
"197519","Youmans,  Vincent"
"197693","Meacham,  Frank  W."
"197729","Souvaine,  Henry"
"197771","Boskerck,  Francis Saltus  Van"
"197798","Mossman,  Ted"
"197852","D'Artega,  (Alfonso)"
"197933","Reddick,  William"
"198154","Manna Zucca,"
"198162","Eiger,"
"198166","Smith,  Robert  W"
"198452","Bettorini,"
"198458","De Curtis,  Ernesto"
"198535","Steiner,  George"
"198545","Charles,  Ernest"
"198631","Siegmeister,  Elie"
"198948","Shefter,  Bert"
"199098","Colombo,  Russ"
"199148","Anderson,  Leroy"
"199298","Blaine,  Ralph"
"199323","Griselle,  Thomas"
"199834","Layton,  Turner"
"199843","Baker,  Phil"
"200133","Kowal,  M"
"200153","Chemberdji,  Katya"
"200213","Miliutin,  Georgii Sergeevich"
"200364","Gade,  Jacob"
"200539","Conrad,  Con"
"200545","Lavalle,  Paul"
"200574","Berger,  Jean"
"200632","Canteloube,  Joseph"
"200635","Niles,  John  Jacob"
"200723","Antheil,  George"
"201261","Di Capua,  Rinaldo"
"201309","Curtis,  Ernesto Di"
"201536","Bachelet,  Alfred  (Georges)"
"202306","Frescobaldi,  Girolamo"
"204037","Heuberger,  Richard"
"204130","Mompou,  Frederic"
"204211","Hahn,  Reynaldo"
"204246","Anderson,  Florence"
"204271","DuPage,  Richard"
"204286","Senfl,  Ludwig"
"204316","Ratner,  Leonard"
"204321","Block,  Frederick"
"204331","Mackenna,  Carmela"
"204333","Bosmans,  Arturo"
"204337","Pinto,  Octavio"
"204343","Haggerty,  Richard"
"204349","Work,  John"
"204351","Benda,  Jirí (Georg)  Antonín (Anton)"
"204377","Guenther,  Felix"
"204389","Lucas,  Mary  Anderson"
"204407","Pisk,  Paul"
"204413","Jadassohn,  Salomon"
"204431","Szabo [Szabó],  Ferenc"
"204455","Mattfeld,  Julius"
"204473","Piket,  Frederick"
"204480","Wissmer,  Pierre"
"204485","Biloti,  Anton"
"204527","Rosenthal,  Manuel"
"205379","Rivier,  Jean"
"205380","Barraud,  Henri"
"205470","Dello Joio,  Norman"
"206214","Turner,  Godfrey"
"206246","Messiaen,  Olivier"
"206990","Sakovich,"
"207167","Hardelot,  Guy  d'"
"207260","Engel-Berger,  Willy"
"207554","Gargiulo,"
"207832","Bagley,  Edwin  Eugene"
"207888","Grave,  Maria"
"209469","Minkus,  Leon"
"209605","North,  Alex"
"209613","Hendl,  Walter"
"209640","Bauer,  Marion  Eugenie"
"209694","George,  Earl"
"210563","Jones,  Charles"
"210581","Root,  George  Frederick"
"211132","Scott,  Hazel"
"211889","Misraki,  Paul"
"212045","Spielmann,  Fritz"
"213945","Porrino,  Ennio"
"214089","Webern,  Anton  von"
"214117","Perpessas,  Harilaos"
"214249","Schnabel,  Artur"
"214555","Muradeli,  Vano"
"214569","Baron,  Maurice"
"214584","Moeran,  Ernest  John"
"214601","Scott,  Tom"
"214621","Starokadomsky,  Michael  L."
"214709","Savino,  Domenico"
"214721","Vene [Vené],  Ruggero"
"214733","Haussermann,  John"
"214745","Balendonck,  Armand"
"214874","Dyson,  Sir  George"
"215154","Kleinsinger,  George"
"215226","Hupfeld,  Herman"
"215282","Panufnik,  Sir  Andrzej"
"215365","Fitch,  Theodore"
"215412","Wesley,  Mary  Lou"
"215951","Morganstern,"
"216205","Ward,  Robert"
"217684","Weaver,  Powell"
"217907","Mancinelli,  Luigi"
"217958","Cilea,  Francesco"
"218801","Liebermann,  Rolf"
"218891","Arnell,  Richard"
"219078","Ivanov-Radkevich,  Nikolai"
"219081","Revueltas,  Silvestre"
"219410","Emmett,  Daniel  Decatur"
"219461","Pierpont,  James  Lord"
"219555","Clapp,  Philip  Greeley"
"219608","Sessions,  Roger"
"219863","Shapero,  Harold"
"219888","Frazzi,  Vito"
"219913","Ghedini,  Giorgio  Federico"
"219939","Chinn,  Genevieve"
"220167","Shulman,  Alan"
"220383","Camarata,  Tutti"
"220421","Antonini,  Alfredo"
"220535","Bermejo,  Felipe"
"220573","Soarez-Saveno,"
"220592","Castellanos,  Carlos"
"221238","Balazs,  Frederic"
"221803","Firestone,  Elizabeth"
"224494","Swanson,  Howard"
"225427","Alexander,  Josef"
"225671","Stein,  Barbara"
"225721","Koutzen,  Boris"
"225779","Torelli,  Giuseppe"
"228794","Levine,  Julius"
"228850","Wolpe,  Stefan"
"228873","Mills,  Charles"
"228974","Travis,  Roy  Elihu"
"229081","Slonimsky,  Nicolas"
"229308","Kirchner,  Leon"
"229325","Strauss,  Eduard"
"229532","Petrassi,  Goffredo"
"229582","Stevens,  David"
"230106","Jackno,  Ralph  John"
"230372","Lavry,  Marc"
"230394","Confrey,  Zez"
"230768","Schertzinger,  Victor"
"232411","Yaysnoff,  June & Iris"
"233177","Rodrigo,  Joaquín"
"234890","Gesensway,  Louis"
"235082","Barab,  Seymour"
"235531","Ferguson,  Howard"
"235690","Eberl,  Anton"
"235790","Hill,  Dorothy"
"235794","Gabrieli,  Andrea"
"235852","Berger,  Arthur"
"235958","Einem,  Gottfried  Von"
"235985","Rochberg,  George"
"236056","Vivanco,  Moises"
"237207","Gimenez,  Jeronimo"
"237251","Sandoval,"
"237383","Blasco,  Ricardo"
"237471","Machado,  Roger"
"238310","Lajarte,  Theodore  Eduard DuFaure"
"240208","Bezanson,  Philip"
"240234","Blacher,  Boris"
"240250","Damase,  Jean-Michel"
"240573","Kassern,  Tadeusz"
"240926","Moor,  Emanuel"
"240962","Dougherty,  Celius  (Hudson)"
"241011","Dallapiccola,  Luigi"
"241108","Lipschutz,  Lita"
"241363","Helm,  Everett"
"241384","Dalgleish,  James"
"241533","Godfrey,  Kathryn"
"241634","Bautista,"
"241918","Font de Anda,"
"242060","Moreno Torroba,  Federico"
"243184","Miller,"
"244244","Millocker,"
"245899","Waxman,  Franz"
"246047","Skalkottas,  Nikos"
"246083","Caamano [Caamaño],  Roberto"
"247042","Richardson,  Albert"
"247148","Raksin,  David"
"247152","Zaritzky,  Walt  Barrows"
"247156","Hague,  Charles"
"247250","Bonporti,  Francesco  Antonio"
"247253","Marinuzzi,  Gino, Jr."
"247545","Gaburo,  Kenneth"
"247582","Sihanouk,  King  Norodom"
"247774","Ladmirault,  Paul  Emile"
"247853","Cortes [Cortés],  Ramiro"
"247862","Meyerowitz,  Jan"
"248184","Pregel,  Boris"
"248188","Harkness,  Rebecca"
"248218","Sauter-Finegan,"
"248225","Rodriguez,  Gerardo  Matos"
"248230","de Abreu,  Zequinha"
"248270","Monterde,  Bernardino  Bautista"
"248275","Yradier,  Sebastian"
"249583","Kay,  Hershy"
"250989","Pestalozza,  Alberto"
"251053","Lumbye,  Hans Christian"
"252520","De Filippi,  Amedeo"
"252552","Weber,  Ben"
"252799","Miyagi,  Michio"
"252801","Konoye,  Hidemaro"
"253095","Buxtehude,  Dietrich"
"253546","Carrer [Karrer, Karreris],  Pavlos"
"253680","Goodman,  Saul"
"253925","Lewis,  George"
"253971","Hall,  Reginald"
"254007","Marker,"
"254019","Di Candriano,  Prince  Camillo  Ruspoli"
"254023","Bensussan,  Menachem"
"254039","Suesse,  Dana"
"254059","Klein,  John  M."
"254063","Landes,"
"254067","Goehr,"
"254071","Mamorsky,  Morris"
"254358","Burgess,  Lord"
"254394","Span,  Norman"
"255328","De Banfield,  Raffaello"
"255524","Muse,  Clarence"
"255547","Hanley,  James  F."
"255570","Williams,  Spencer"
"255593","Reid,  Billy"
"255616","Williams,  Hank"
"255639","New Orleans Rhythm Kings,"
"255662","Tizol,  Juan"
"255685","Monaco,  James  V."
"255708","Bernie,  Ben"
"257865","McPhee,  Colin"
"257892","Starer,  Robert"
"257901","Schuller,  Gunther"
"258357","Marquina,  Pasquale"
"258358","Loewe,  Frederick"
"258361","Mourant,  Walter"
"258368","Rosenthal,  Laurence"
"258582","Ginastera,  Alberto"
"258639","Mann,  Robert"
"258653","Kubik,  Gail"
"258879","Heiden,  Bernhard"
"259024","Carter,  Elliott"
"259033","Egge,  Klauss"
"259065","Sherwood,  Gordon"
"259070","Bentzon,  Niels  Viggo"
"259466","Jurek,"
"259837","Lane,  Burton"
"259881","Bowman,  Brooks"
"259925","Wood,  Haydn"
"259969","De Paul,  Gene"
"260057","Shearing,  George"
"260101","Young,  Lester"
"260189","Grainer,  Ron"
"260321","Garner,  Erroll"
"261485","Sebastian,  John"
"261885","Fernandez Arbos,  Enrique"
"264483","Arnold,  Sir  Malcolm"
"264505","Marais,  Josef"
"267883","Bondeville,  Emmanuel"
"267925","Dutilleux,  Henri"
"267926","Durufle [Duruflé],  Maurice"
"268100","Rota,  Nino"
"268210","Haieff,  Alexei"
"268224","Macero,  Teo"
"268363","Turner,  Charles"
"268524","Sicilianos,  Yeorgo"
"268615","Merrick,  Mahlon  Legrand"
"268674","Castro,  Juan  José"
"269295","Markevitch,  Igor"
"269311","Borishansky,  Elliot"
"269625","Yoder,  Paul  V."
"270543","Chapi (y Lorente),  Ruperto"
"270707","Garcia-Matos,  Manuel"
"271035","Alamo,  Lazaro del"
"271363","Arbo,  Miguel  Asins"
"272019","Ferriz,"
"272851","Mulligan,  Gerry"
"273199","Strayhorn,  Billy"
"275962","Cliburn,  Van"
"276106","Zafred,  Mario"
"276154","Salieri,  Antonio"
"276254","Varese [Varèse],  Edgard"
"276345","Ben-Haim,  Paul"
"276420","Ellstein,  Abraham"
"276545","Betti,  Henry"
"276570","Chajes,  Julius"
"276745","Lewis,  Leon"
"276770","Nelhybel,  Vaclav"
"278396","Franklin,  Benjamin"
"278536","Beglarian,  Grant"
"278910","Fine,  Irving"
"278912","Rorem,  Ned"
"278914","Russo,  William"
"279280","Banfield,  Raffaelo de"
"281292","Zeller,  Karl"
"281896","Merceron,"
"281971","Pugatchov,  Emanuel"
"282076","Fisher,  Marvin"
"282481","Orbon,  Julian"
"282529","Fenton,"
"284547","Fry,  William  Henry"
"284779","Brubeck,  Howard"
"285147","Willis,  Richard  Storrs"
"285615","Amirov,  Fikret"
"285747","De La Torre,  Francisco"
"285781","Bucci,  Mark"
"285832","Boulez,  Pierre"
"287808","Kalman,  Charles"
"288599","Monreal,"
"289026","Solano,"
"289912","Maciste,"
"289944","Ovadia,"
"290072","Ferrao,"
"290942","Cannon,  Hughie"
"290954","Orrego-Salas,  Juan"
"291807","Orff,  Carl"
"293469","Franchetti,  Arnold"
"294229","Parish,  M"
"294897","Lutoslawski,  Witold"
"294913","Ripoll,  Michael  Douglas"
"294914","Blackburn,  John  M"
"294915","Bernard,  Felix"
"294924","Hadjidakis,  Manos"
"294926","Rascel,  Renato"
"294932","Chou,  Wen-Chung"
"295118","Ponce,  Manuel"
"296159","Mayuzumi,  Toshiro"
"297795","Sellers,  Brother John"
"300056","Smit,  Leo"
"300263","Dor,  Dani"
"300282","Goldfaden,  Abraham"
"300339","Gold,  Ernest"
"300529","Miron,  Issachar"
"302154","Kurka,  Robert"
"302601","Nielsen,  Carl"
"302911","Gottlieb,  Jack"
"307267","Westerman,  Gerhart von"
"309992","Pinkham,  Daniel"
"310207","Etler,  Alvin"
"310468","Gerhard,  Roberto"
"311341","Henze,  Hans  Werner"
"313468","Previn,  Sir  André"
"316292","Henderson,  Skitch"
"316956","Bihari,  Janos"
"317154","Vetessy,  George"
"318573","Baird,  Tadeusz"
"318599","Ran,  Shulamit"
"318690","Xenakis,  Iannis"
"318693","Ligeti,  György"
"318791","Austin,  Larry"
"318939","Cage,  John"
"318942","Feldman,  Morton"
"318945","Brown,  Earle"
"319076","La Montaine,  John"
"319532","Reif,"
"319696","Hovhaness,  Alan"
"323586","Koyama,  Kiyoshige"
"325278","Lees,  Benjamin"
"325528","Palmer,  Robert"
"325538","Takemitsu,  Toru"
"325865","Perry,  Julia"
"334767","Wuorinen,  Charles"
"335446","Montsalvatge,  Xavier"
"336706","Kilar,  Wojciech"
"337201","Corigliano,  John, Jr."
"341289","Machaut,  Guillaume  De"
"342137","Gesualdo,  Don  Carlo"
"342382","Babbitt,  Milton"
"342997","Martirano,  Salvatore"
"343429","Blomdahl,  Karl-Birger"
"343467","Amram,  David"
"343471","Garrido-Lecca,  Celso"
"343994","Shchedrin,  Rodion"
"343996","Denisov,  Edison"
"344308","Chagrin,  Francis"
"344388","Chen,  N."
"344448","Zahavi,  David"
"344508","Wilensky,  Moshe"
"344528","Amiran,  Emanuel"
"344628","Navon,  Yitzchak  Eliyahu"
"345916","Reizenstein,  Franz"
"345962","Laderman,  Ezra"
"346022","Floyd,  Carlisle"
"346360","Bilik,  Jerry"
"347888","Bennett,  Richard  Rodney"
"348122","Mitropoulos,  Dimitri"
"348315","Rawsthorne,  Alan"
"353668","Berio,  Luciano"
"353896","Kuhlau,  Friedrich"
"353908","Borge,  Victor"
"353980","Helsted,  Edvard"
"353992","Norgard [Nørgård],  Per"
"354965","Casals,  Pablo"
"354989","Serrano,  Jose"
"357710","Cowell,  Johnny"
"359980","Rawsthorne,  Noel"
"360143","Perusio,  Matteus de"
"360162","Caserta,  Anthonellus de"
"360200","Phillips,  Peter"
"360238","Coperiario,  Giovanni"
"360257","Ferrabosco,  Alfonso"
"362450","Goehr,  Alexander"
"362747","Stockhausen,  Karlheinz"
"363795","Pousseur,  Henri"
"364379","Kostelanetz,  Andre"
"365255","Smith,  Hale"
"365367","Davidovsky,  Mario"
"365656","Nono,  Luigi"
"365774","Moevs,  Robert  (Walter)"
"365803","Riesman,  Michael"
"365832","Rzewski,  Frederic"
"365861","Reich,  Steve"
"365901","Crawford,  Ruth  Porter"
"366184","Zelenka,  Jan  Dismas"
"366192","Vejvanovsky,  Pavel  Josef"
"366208","Brixi,  Frantisek [František]  Xaver"
"366367","Maderna,  Bruno"
"366419","Schafer,  R.  Murray"
"366751","Silverman,  Stanley"
"366772","Crumb,  George"
"366793","Salzman,  Eric"
"367222","Geld,  Gary"
"367572","Li,  Huanzhi"
"368021","Press,  Jacques"
"368702","Druckman,  Jacob"
"368725","Maxwell Davies,  Sir  Peter"
"368888","Argento,  Dominick"
"369004","Del Tredici,  David"
"369764","Bolcom,  William"
"371389","Penderecki,  Krzysztof"
"371534","Skrowaczewski,  Stanislaw"
"372829","Kraft,  William"
"373453","Tippett,  Michael"
"373712","Harrison,  Lou"
"373800","Hartmann,  Karl  Amadeus"
"373826","Reimann,  Aribert"
"374098","Sollberger,  Harvey"
"374842","Warren,  Elinor  Remick"
"375993","Zimmermann,  Bernd  Alois"
"376157","Rudhyar,  Dane"
"377161","Birtwistle,  Harrison"
"377212","Harris,  Donald"
"377260","Moore,  Carman"
"377795","Vorisek,  Jan  Vaclav"
"378731","Lieberson,  Peter"
"378974","Francoeur,  François"
"379713","Coward,  Noël"
"380644","Bacewicz,  Grazyna"
"380660","Escot,  Pozzi"
"380664","Musgrave,  Thea"
"380687","Taxin,  Ira"
"380699","Raposo,  Joe"
"380802","Dlugoszewski,  Lucia"
"380849","Martino,  Donald"
"380946","Kolb,  Barbara"
"381008","Baker,  David  J."
"381197","Blackwood,  Easley"
"381538","Deak,  Jon"
"382551","Rush,  Loren"
"382594","Gilbert,  David"
"382680","Jablonsky,  Stephen"
"383539","Donatoni,  Franco"
"383696","Albright,  William"
"383732","Plante,  Daniel"
"383958","Myers,  Laurie"
"383985","Subotnick,  Morton"
"384347","Levine,  Jeffrey"
"384374","Gaber,  Harley"
"384401","Hodkinson,  Sydney"
"385432","Joplin,  Scott"
"385434","Lamb,  Joseph  Francis"
"385436","Blake,  Eubie"
"385438","Matthews,  Artie"
"385442","Europe,  James  Reese"
"385460","Reeves,  David  Wallis"
"385462","Fillmore,  John  Comfort"
"385730","Hampton,  Calvin"
"385893","Perkinson,  Coleridge-Taylor"
"385900","Hakim,  Talib  Rasul"
"385907","Anderson,  T.J."
"385914","Cunningham,  Arthur"
"385921","Walker,  George"
"385928","Saint-Georges,  Joseph Bologne  Chevalier de"
"385934","White,  Jose  (Paul)"
"385946","Nunes-Garcia,  José  Maurício"
"385952","Davison,  Harriette"
"385988","Moore,  Undine  Smith"
"386024","Moore,  Dorothy  Rudd"
"386096","Wilson,  Olly"
"386114","Hailstork,  Adolphus"
"386116","Cordero,  Roque"
"386156","Mondonville,  Jean-Joseph  De"
"386396","Imbrie,  Andrew"
"386465","Colgrass,  Michael"
"386632","Streisand,  Barbra"
"386633","Murphy,  Walter"
"386634","Sondheim,  Stephen"
"386635","Johnston,  Bruce"
"386659","Persichetti,  Vincent"
"387114","Stock,  David"
"387144","McKinley,  William  Thomas"
"387204","Eliasson,  Anders"
"387234","Dugger,  Edwin"
"387362","Friedman,  Ignaz"
"387466","Farina,  Carlo"
"387952","Thomas,  Andrew"
"387955","Cohen,  Edward"
"387961","Mingus,  Charles"
"387967","Edwards,  George"
"387970","Murail,  Tristan"
"388246","Romero,  Angel"
"388371","Fischer,  J."
"388399","Donaldson,  Walter"
"388406","Fisher,  Fred"
"388420","Meyers, Billy,  Schoebel, Elmer  and"
"388469","King,  Karl  Lawrence"
"388476","Duble,  Charles  Edward"
"390542","Bassett,  Leslie"
"390624","Taneyev,  Sergei"
"392267","Kim,  Earl"
"392305","Tal,  Josef"
"392385","Tomasi,  Henri"
"393145","Zagortsev,  Vladimir"
"393904","Bonds,  Margaret"
"394014","Westmoreland,"
"395345","Susato,  Tylman"
"395655","Neikrug,  Marc"
"396640","Fischer,  Clare"
"396905","Kubelik [Kubelík],  Rafael"
"397203","Shankar,  Ravi"
"398522","Doppler,  (Albert)  Franz"
"398528","Schultze,  Johann  Christian"
"398869","Clarke,  Herbert  Lincoln"
"398944","Samuel,  Gerhard"
"399463","Cottrau,  Teodoro"
"399857","Gabriel,  Charles  H."
"400412","Marx,  Joseph"
"401100","Tower,  Joan"
"401268","Balada,  Leonardo"
"402127","Kotzwara,  Franz"
"402129","Shaw,  Oliver"
"402131","Herrick,  Joseph"
"402132","Holyoke,  Samuel"
"402170","Trojahn,  Manfred"
"403118","Consoli,  Marc-Antonio"
"403133","Lerdahl,  Fred"
"403138","Harbison,  John"
"403153","Rosenman,  Leonard"
"403179","Balassa,  Sandor"
"403186","Adams,  John"
"403193","Kernis,  Aaron  Jay"
"403197","Thorne,  Nicholas"
"403210","Rands,  Bernard"
"403255","Schwantner,  Joseph"
"403266","Street,  Tison"
"404015","Mercure,  Pierre"
"404884","Avshalomov,  Jacob"
"405073","Arutunian,  Alexander"
"405444","Dempster,  Stuart"
"405457","Erickson,  Robert"
"405509","Galas [Galás],  Diamanda"
"405574","Rouse,  Christopher"
"405582","Beaser,  Robert"
"405614","Erb,  Donald"
"405622","McNabb,  Michael"
"405624","Spiegel,  Laurie"
"405626","Dodge,  Charles"
"405630","Chowning,  John  MacLeod"
"405632","Yuasa,  Joji"
"405641","Risset,  Jean-Claude"
"405655","Lansky,  Paul"
"405662","Hoeller,  York"
"405681","Reynolds,  Roger"
"405685","Drummond,  Dean"
"405706","La Barbara,  Joan"
"405811","Dick,  Robert"
"405874","Bresnick,  Martin"
"405937","Jolas,  Betsy"
"405947","Amy,  Gilbert"
"405974","Knussen,  Oliver"
"405980","Davis,  Anthony"
"406016","Sculthorpe,  Peter"
"406028","Bazelon,  Irwin"
"406744","Albrechtsberger,  Johann  G."
"407427","Wyre,  John"
"408359","Gubaidulina,  Sofia"
"409378","Noon,  David"
"409432","Schulhoff,  Erwin"
"409564","Williams,  Julius"
"411373","Karmen,  Steve"
"411591","Subramaniam,  Lakshminarayana"
"411611","Sohal,  Naresh"
"411865","Warshaw,  Dalit  Paz"
"411876","Schnittke,  Alfred"
"412266","Sinopoli,  Giuseppe"
"412298","Bussotti,  Sylvano"
"413370","Speer,  Daniel"
"414042","Calvert,  Morley"
"414292","Furtwangler [Furtwängler],  Wilhelm"
"414663","Dufourt,  Hugues"
"414872","Novak,  Jan"
"415658","Molter,  Johann  Melchior"
"416168","Nancarrow,  Conlon"
"416175","Ruders,  Poul"
"416182","Kagel,  Mauricio"
"416196","Olivero,  Betty"
"416228","Andriessen,  Louis"
"416262","Paert [Pärt],  Arvo"
"416288","Dresher,  Paul"
"416335","Williams,  John"
"416615","Sorozabal,  Pablo"
"416987","Husa,  Karel"
"417118","Berio,  Adolfo"
"418060","Castiglioni,  Niccolò"
"418572","Matthus,  Siegfried"
"418741","Jacob,  Gordon"
"418785","Berkeley,  Sir  Lennox"
"418898","Spisak,  Michal"
"419035","Zarebski,  Juliusz"
"419078","Bach,  P.D.Q."
"419093","Schickele,  Peter"
"419741","May,  Robert  C."
"419744","Lindroth,  Scott"
"419745","Hartke,  Stephen"
"420419","Dahl,  Ingolf"
"420517","Rex,  Charles  Gordon"
"420651","Benjamin,  George"
"421696","Duvernoy,  Frederic  Nicolas"
"422214","Lewis,  John"
"422712","Alt,  Bernhard"
"422754","Zwilich,  Ellen  Taaffe"
"425356","Gastaldon,  Stanislas"
"425707","Wolfe,  Stanley"
"425975","Quantz,  Johann  Joachim"
"426123","Stenhammar,  Wilhelm"
"426310","Coolidge,  Peggy  Stuart"
"426342","Friedrich,  Alexander"
"426470","Turrin,  Joseph"
"427982","Kellaway,  Roger"
"428078","Matiegka,  Wenzel  Thomas"
"428114","Cerchio,  Bruno"
"428991","Fuchs,  Kenneth"
"430103","Slonimsky,  Sergei"
"430216","Knight,  Edward"
"430217","Drattell,  Deborah"
"430219","Thomas,  Augusta  Read"
"430220","Hagen,  Daron"
"430221","Daugherty,  Michael"
"431209","Hoffer,  Bernard"
"431650","Hetu [Hétu],  Jacques"
"432001","Lang,  David"
"432480","Mercurio,  Steven"
"432840","Raats [Rääts],  Jaan"
"433468","Ge,  Gangru"
"433472","Sierra,  Roberto"
"436230","Baker,  Claude"
"436620","Dring,  Madeleine"
"436713","Grandjany,  Marcel"
"437348","Picker,  Tobias"
"437522","Wallach,  Joelle"
"437988","Morawetz,  Oskar"
"438024","Sheng,  Bright"
"438935","Ramey,  Phillip"
"438957","Torke,  Michael"
"439600","Bixio,  Cesare  Andrea"
"439640","Di Lazzaro,  Eldo"
"439720","Di Crescenza,"
"440146","Hertel,  Johann  Wilhelm"
"440895","Hollaender,  Friedrich"
"440947","Meisel,  Edmund"
"441103","Nick,  Edmund"
"441311","Nelson,  Rudolf"
"441571","Eisler,  Hans"
"441623","Reinitz,  Béla"
"441779","Spoliansky,  Mischa"
"442307","Nelson,  Ron"
"442598","Langgaard,  Rued"
"442857","Berwald,  Franz  Adolf"
"443094","Stich,  Jan  Vaclav"
"443183","Paulus,  Stephen"
"443236","Bowles,  Paul"
"443328","Oliveros,  Pauline"
"443351","Riley,  Terry"
"443666","Miki,  Minoru"
"443686","Kokkonen,  Joonas"
"443816","Bowen,  York"
"443908","Albert,  Stephen"
"443932","Blumenfeld,  Felix"
"443985","Devienne,  François"
"444662","Ewazen,  Eric"
"444898","Tubin,  Eduard"
"446167","Schoenfield,  Paul"
"446288","Rush,  Stephen"
"446456","Renwick,  Wilke"
"446522","Horowitz,  Joseph"
"446786","Dodd,  Jimmie"
"446901","Dessau,  Paul"
"447045","Tamberg,  Eino"
"447408","Scheidt,  Samuel"
"449270","Dedrick,  Christopher"
"450422","Rollins,  Walter  E."
"454472","Brodsky,  Nicholas"
"454634","Danielpour,  Richard"
"454936","Chaynes,  Charles"
"455510","Paz,  Xavier  de"
"455603","Milan [Milán],  Luys"
"455613","Mudarra,  Alonso  de"
"455623","Sanz,  Gaspar"
"455633","Sor,  Fernando"
"455693","Romero,  Celedonio"
"455829","Pollack,  Lew"
"455864","Gale,  Jack"
"456354","Waller,  Fats  (Thomas)"
"457215","MacMillan,  James"
"457338","Pleyel,  Ignaz"
"457583","Koper,  Karl-Heinz  (Köper)"
"457608","Hawkins,  Walter"
"457618","Dorsey,  Thomas  Andrew"
"457851","Sametz,  Steven"
"458368","Katzer,  Georg"
"458737","Perle,  George"
"459639","Hurd,  David"
"459675","Dawson,  Mary  Cardwell"
"459729","Carter,  Henry"
"459747","Holland,  M.  Roger, III"
"459819","Sebesky,  Don"
"459837","Torme [Tormé],  Mel"
"459873","Davis,  Katherine"
"460983","Albinoni,  Tomaso"
"463023","Wright,  Rayburn"
"468644","Nakamura,  Toru"
"468845","Locatelli,  Pietro"
"469173","Piazzolla,  Astor"
"469340","Parker,  Charlie  (""Bird"")"
"469386","Cooke,  Arnold"
"469427","Kancheli,  Giya"
"470258","Brey,  Carter"
"470816","Coleman,  Ornette"
"471208","Cresswell & McNicholas,  Luke & Steve"
"471551","Lindberg,  Magnus"
"471609","Zelenski,  Wladyslaw"
"471864","Mouton,  Jean"
"471898","Distler,  Hugo"
"471966","Biebl,  Franz"
"472051","Burt,  Alfred  Shaddick"
"472692","Gaubert,  Philippe"
"472703","Clarke,  Rebecca"
"472748","Serocki,  Kazimierz"
"472855","McGrimsey,  Robert"
"472887","Maltsby,  Carl"
"472919","Dubin,  Al"
"472935","Hamlisch,  Marvin"
"472951","Loesser,  Frank"
"472967","Adler,  Richard"
"473015","Smalls,  Charlie"
"473127","Crouch,  Andrae  (Edward)"
"473631","Pachelbel,  Johann"
"475325","Zorn,  John"
"475975","Lauridsen,  Morten"
"477655","Discussion,"
"480431","Ades [Adès],  Thomas"
"480596","Turnage,  Mark-Anthony"
"480706","Harvey,  Jonathan"
"480816","Bates,  Django"
"480871","Kander,  John"
"482990","Karg-Ellert,  Sigfrid"
"483908","Hathaway and McKinnor,  Donny and Nadine"
"487498","Premru,  Raymond"
"488338","McCartney,  Sir  Paul"
"488698","Flecha,  Mateo, El Viejo"
"488866","Guitierrez [Gutiérrez] de Padilla,  Juan"
"488950","Pygott,  Richard"
"489538","Patterson,  Paul"
"490425","Svane,  Randall"
"492211","Karlsen,  Kjell  Mørk"
"492337","Dun,  Tan"
"492512","Seltzer,  Dov"
"492988","Sussan,  Leo"
"492989","Baum,  Parker"
"492990","Blaudziunas,  Gabija"
"492991","Mindlin,  Samantha"
"492992","Spencer,  Victoria"
"492993","Hoover,  Duke"
"492994","Held,  Ilana"
"492995","Boyle-Cole,  Cheyenne"
"492996","Hirschhorn,  Michelle"
"492997","Piot,  Melhia"
"492998","Sable,  Lindsay"
"492999","Esman,  Ilan"
"493000","Gray,  Aiesha"
"493001","Rosario,  Janis"
"493002","Baum,  Sabrina"
"493143","Satoh,  Somei"
"493155","Saariaho,  Kaija"
"493263","Vasks,  Peteris"
"493284","Morricone,  Ennio"
"495719","Kamen,  Michael"
"496343","Kenton,  Stan"
"496518","Glick,  Srul  Irving"
"496746","Simonson,  Victor"
"496765","Becton,  Shelton  L."
"496841","Marsalis,  Wynton"
"496969","Rihm,  Wolfgang"
"496995","Falcon [Falcón] Sanabria,  Juan  José"
"500787","Pugh,  James"
"501272","Mores,  Mariano"
"501312","Krauze,  Zygmunt"
"501396","Masson [Másson],  Askell [Áskell]"
"501520","Liebermann,  Lowell"
"501529","Janis,  Tim"
"503874","Crespo,  Enrique"
"504966","MacLean,"
"505854","Kalhor,  Kayhan"
"506412","Pasculli,  Antonio"
"506705","Rechtman,  Ilan"
"506807","Koetsier,  Jan"
"506826","Boutry,  Roger"
"507444","Shaw,  Lowell"
"507500","Bratton,  John  W."
"507887","Botti,  Susan"
"509522","Southall,  Mitchell  B."
"509752","Gannon,  James ""Kim"""
"509775","Herman,  Jerry"
"509890","Hill,  Warren"
"510085","Ruzicka,  Peter"
"510101","Balissat,  Jean"
"510783","Genzmer,  Harald"
"511078","Farrenc,  Jeanne-Louise"
"512516","Tsintsadze,  Sulkhan  Fyodorovich"
"512542","Richman,  Lucas"
"512550","Marks,  Johnny"
"512592","Fruehling,  Carl"
"519018","Coldplay,"
"520114","Rodriguez,  Jasmin"
"520120","James,  Dijon"
"520126","Vega,  Arianna"
"520132","Paulino,  Carlos"
"520138","Vitrago,  Roger"
"520144","Manon [Mañon],  Cesar"
"520150","Diaz,  Stanly"
"520156","Gomez,  Cynthia"
"520162","Leger,  Anabel"
"520168","Diaz,  Luis"
"520669","Taffanel,  Paul"
"521437","Golijov,  Osvaldo"
"521452","Jobim,  Antônio  Carlos (""Tom"")"
"523413","Schnyder,  Daniel"
"525103","Lachert,  Piotr"
"525585","Wiren [Wirén],  Dag"
"526449","May,  Billy  & Kenton, Stan"
"527151","Camilo,  Michel"
"527330","Harrison,  Tim"
"527791","Roland-Manuel,  Alexis"
"528323","Harris,  Charles"
"535549","Barkauskas,  Vytautas"
"535603","Elvey,  Sir  George"
"535939","Sortomme,  Richard"
"538569","Pereira,  Joseph"
"538623","Tsypin,  Vladimir"
"538714","Elbel,  Louis"
"538835","Edwards,  Ross"
"538857","Maazel,  Lorin"
"539768","Chaplin,  Charles"
"539828","Bernstein,  Elmer"
"539858","Goldsmith,  Jerry"
"539868","Barry,  John"
"539898","Gardel,  Carlos"
"539908","Morricone,  Andrea and Ennio"
"539918","Shore,  Howard"
"540025","Friedman,  Jefferson"
"540663","Garland,  Joseph  C."
"541152","Buonamente,  Giovanni"
"541213","Franck,  Melchior"
"541335","Boehme,  Oskar"
"541904","Maslanka,  David"
"541976","Glisic [Glišic],  Živojin"
"542104","Newman,  Randy"
"542368","Guettel,  Adam"
"542434","Noble,  Ray"
"542701","Valjean,  Paul"
"542748","Puts,  Kevin"
"542783","Matthews,  Colin"
"543509","Gauntlett,  Henry  John"
"544169","Perez Prado,  Damaso"
"544301","Coll,  Francisco"
"544889","Sobol,  Dr.  Mordechai"
"544900","Levinson,  Y.  D."
"544911","Aizenstadt,  David"
"544933","Odessaer,  Bulgar"
"544944","Nowakowsky,  D."
"544966","Koussevitzky,  Moshe"
"544977","Alter,  I"
"544988","Talmud,  Yaakov"
"545010","Bogzester,  William"
"545165","Grigoriu,  George"
"545632","Wilder,  Alec"
"545803","Kallman,  Daniel"
"545822","Keillor,  Garrison"
"545841","Davidson,  Randall"
"545860","Grip,  Eric"
"546031","McGlaughlin,  William"
"546110","Chan,  Ka  Nin"
"546515","Sichel,  John"
"546650","Robinson,  Kyla"
"546651","Nunez [Nuñez],  Ivan"
"546652","Willis,  Annabel"
"546653","Petronio,  Camilla"
"546654","Taslima,  Farah"
"546655","Fleming,  Sarah"
"546656","Comstock,  Jackson"
"546657","Wong & Xiao,  Patrick & Vincent"
"547028","Hendrix,  Jimi"
"551995","Donaudy,  Stefano"
"553039","Wehrli,  Werner"
"553335","Rosenblatt,  Y."
"553383","Kwartin,  Zevulun"
"553431","Schorr,  Israel"
"553479","Chutiner,  P."
"553671","Stern,  I. & Moshe"
"553719","Yellen,  Jack"
"553767","Brody,  Josef"
"558051","Coots,  J.  Fred"
"558699","Hely-Hutchinson,  Victor"
"558729","Dworsky,  Richard"
"558759","Dworsky and Blaske,  Richard and Lee"
"630188","Shand, Terry & Eaton, Jimmy,"
"630452","Brown,  Nacio  Herb"
"630518","Newley,  Anthony"
"630584","Mancini,  Henry"
"630683","Legrand,  Michel"
"630782","Charles, Dick and Marks, Larry,"
"631356","Schifrin,  Lalo"
"631570","Salonen,  Esa-Pekka"
"631603","Bortz [Börtz],  Daniel"
"631829","Wagner,  Melinda"
"632309","Bates,  Mason"
"632639","Mendelssohn Hensel,  Fanny"
"636550","Wencheng,  Lu"
"636590","Guang,  Ren"
"636842","Gerber,  Stephen"
"640945","Bock,  Jerry"
"640999","Fain,  Sammy"
"642146","Ferro,  Nicola"
"642230","DiLorenzo,  Anthony"
"642566","Tilzer,  Albert Von"
"642902","Hall,  Guy"
"643129","Ruo,  Huang"
"643210","Bermel,  Derek"
"643382","Jolson,  Al"
"643499","Bloom,  Rube"
"643616","Malneck,  Matty"
"643850","Caesar,  Irving"
"644123","Fischer,  Carl"
"645013","Wallace,  David"
"646605","Nissenson,  Gloria"
"647049","Frank,  Gabriela  Lena"
"664046","Herbert,  Rajon"
"664058","Pichardo,  Edward"
"664070","Wegh,  Claire"
"664082","Mannes,  Nathan"
"664094","Pagan,  Abraham"
"665146","Zhang,  Yijun"
"665190","Fang,  Yue"
"665234","Lu,  Cindy"
"665278","Lu,  Yiqing"
"665322","Zhang,  Yusong"
"665366","Reed,  Alfred"
"666542","Zelenaia,  Margarita"
"666587","Stucky,  Steven"
"667190","Hoffman,  Solomon"
"667191","Oberdier,  Danielle  Kerani"
"667192","Tokke,  Justin  P."
"667241","Medaglia,  Julio"
"667574","Schonberg [Schönberg],  Claude-Michel"
"667715","Schubert - Berio ,  Franz - Luciano"
"668481","LeFrak,  Karen"
"668766","Tovey,  Bramwell"
"668790","Richard,  Douglas  A."
"668798","Grantham,  Donald"
"668806","Egner,  Phillip"
"668814","Reineke,  Steven"
"669482","Tatum,  Art"
"669492","Dixieland Jazz Band,"
"669711","Currier,  Sebastian"
"669893","Carrick,  Richard"
"670209","Moravec,  Paul"
"670282","Dubugnon,  Richard"
"672474","De la Monnoye,  Bernard"
"683516","Louiguy,  Louis"
"683729","Mustonen,  Olli"
"683936","Crusell,  Bernhard  Henrik"
"684068","Ramos,  Ben"
"684073","Turano,  Olivia"
"684078","Henry,  Aaron"
"684083","Williams,  Aleaster"
"684108","Hyland,  Theoren"
"684118","Arotsky,  Sheridan"
"684223","Frankle,  George"
"684228","Quinlan,  Caitlin"
"684233","Wilson,  Paul"
"684293","Krasa,  Hans"
"684603","Dorman,  Avner"
"684645","Raz,  Yehezkel"
"684881","Schwertsik,  Kurt"
"685088","Krieger,  Henry"
"685414","Auerbach,  Lera"
"686206","Wolcott,  Charles"
"686612","Butler,  Artie"
"686670","Charles,  Ray"
"686786","Weiss,  George  David"
"687993","Corghi,  Azio"
"688637","Anastasio,  Trey"
"688765","Anastasio, Trey, and Hart, Don,"
"688925","Moriwaki,  Yosuke"
"688926","Watanabe,  Harumi"
"688927","Tateno,  Keito"
"688928","Ashimine,  Shuono"
"688929","Tanabe,  Aline  Sauvegrain"
"688930","Hiramoto,  Wataru"
"688931","Okuyama,  Marin"
"688932","Susaki,  Asuka"
"689132","Elkjer,  Robert"
"689465","Gabaye,  Pierre"
"689705","Rossi,  Salamone"
"690797","Rimmer,  William"
"694031","Sierra,  Arlene  Elizabeth"
"694032","Liang,  Lei"
"694034","Dalbavie,  Marc-André"
"694035","Kampela,  Arthur"
"694267","Winkler,  David"
"695058","Steiger,  Rand"
"695112","Balcomb,  Stuart"
"695262","Rodgers,  Mary"
"696982","Pintscher,  Matthias"
"697842","Shepherd,  Sean"
"697843","Muhly,  Nico"
"699226","Parsons,  Michael"
"699228","Fiorenzoli,  Stella"
"699230","D'Ver,  Ethan"
"699242","Draper,  Isaac"
"699244","Jimenez,  Noah"
"699246","Durakovic,  Amina"
"699258","Nikocevic,  Elmir"
"699260","Samerson,  Brooke"
"699262","Bernstein,  Adam"
"699481","Gruber,  HK"
"699629","Bass,  Randol  Alan"
"699983","Zhao,  Guang"
"700155","Meij,  Johan de"
"700157","Peaslee,  Richard"
"700164","Kazik,  James"
"700461","Jones,  Isham"
"700694","Andres,  Bernard"
"700950","Sydeman,  William  Jay"
"700963","Wildmans,  Friedrich"
"701084","Grisey,  Gerard"
"701887","Theofanidis,  Christopher"
"701967","Matheson,  James"
"702015","Pola"
"703689","Ellis,  Kenny"
"707037","Barnes,  Edward  Shippen"
"707874","Jagoda,  Flory"
"722622","Yim,  Jay  Alan"
"722624","Anderson,  Julian"
"722992","Widmann,  Jorg [Jörg]"
"723347","Korzeniowsky,  Julian"
"723348","Ding,  Qin"
"723349","Segerstrom,  Eric"
"723375","Jatta,  Musa, Jr."
"723376","Dolby,  Nuha"
"723377","Galesi,  Julian"
"723391","Moors,  Daniel"
"723392","Pino,  Maya"
"723393","Balbi,  Ashley"
"723405","LaChiusa,  Michael  John"
"723421","Schwartz,  Stephen"
"723453","Sting,"
"723501","Webb,  Jimmy"
"723517","Larson,  Jonathan"
"723533","Gaga,  Lady"
"723565","Menzel,  Idina"
"723581","Moore,  Phil"
"723645","Strouse,  Charles"
"723956","Quiroga,  Manuel"
"724122","Tuur,  Erkki-Sven"
"724150","Wasserman,  Ron"
"724827","Grossman,  David"
"724938","Kim,  Sae-Young"
"725066","ACT,"
"725102","Rumshinsky,  Joseph"
"725174","Gaunt,  Percy"
"725318","Minkowsky,  Giacomo"
"725354","Friedsell,  Louis"
"725390","Perlmutter"
"725714","Bayes"
"728484","Kurtag [Kurtág],  Georgy [György]"
"729200","Dix,  Brian"
"729440","Bulla,  Stephen"
"732368","Ortolani,  Riziero ""Riz"""
"732415","Modugno,  Domenico"
"732462","Sager, Carol Bayer,  Foster, David"
"732603","Sartori,  Francesco"
"733137","Glass,  Philip"
"733372","Pieslak,  Jonathan"
"733519","Choi,  Sophia"
"733567","Kotkin,  Henry"
"733615","Shmerler,  Harry"
"733663","Kim-Suzuki,  Saya"
"733711","Bryant,  Calista"
"733759","Chough,  Sara"
"733807","Gardner,  Danielle"
"733855","Park,  Jong Eun  Sylvia"
"733942","Vistel,  Douglas"
"734160","Livingston,  Jay"
"734856","Hague,  Albert"
"735204","Guaraldi,  Vince"
"735516","Lunsqui,  Alexandre"
"736054","Bao,  Yuankai"
"736075","Chen,  Qigang"
"736082","Zhou,  Chenglong"
"736096","Sun,  Yiqian"
"737968","Horowitz,  Vladimir"
"738029","Tu,  Emily"
"738301","Collings,  Bryce"
"738302","Poniewozik,  Milo"
"738303","Brooks,  Calie"
"738307","Peterson,  Timothy"
"738309","Landau,  Jake"
"738313","Valongo,  Elijah"
"738315","Alexander,  Andre"
"738319","Sifuentes,  Carol"
"738320","Garcia,  Jean-Carlos"
"738496","Jarrell,  Michael"
"738645","Schwartz,  Elliott"
"738662","Cras,  Jean"
"738820","Fryba,  Hans"
"739126","Oliver,  Melvin ""Sy"""
"739196","Kessler,  James C."
"741451","Yoran,  Victor"
"741964","Keillor/Dworsky/Stein,  Garrison/Rich/Andy"
"742005","Fagin,  Gary"
"742415","Bliss,  Philip"
"742702","Shea,  Michael  J."
"742907","Robinson and White,  William ""Smokey"" and Ronald"
"742948","Garcia,  Jerry"
"742989","Mendoza y Cortés,  Quirino"
"743071","Stein,  Andy"
"743276","Peace,  A.  L."
"744738","Shayne,  Gloria"
"744900","Feliciano,  José"
"746196","Beal"
"746358","Jobim,  Antonio  Carlos"
"746844","Jones,  Thaddeus"
"748038","Akiho,  Andy"
"748039","Norman,  Andrew"
"748041","Vaclavik,  Jude"
"749227","Qian,  Qi"
"749243","Ye,  Xiaogang"
"749267","Zhang,  Qianyi"
"749275","Sang,  Ruocuo"
"749283","Ying,  Qing"
"749364","Meltzer,  Harold"
"750222","Bozza,  Eugene  Joseph"
"750951","Hillborg,  Anders"
"750954","Robin,  Yann"
"750955","Chin,  Unsuk"
"750981","Jadin,  Louis  Emmanuel"
"751199","Finzi,  Gerald"
"751274","Zivkovic,  Nebojsa  Jovan"
"751325","Westlake,  Nigel"
"751554","Espiritusanto,  Ashanti"
"751558","Hanson,  Graydon"
"751562","Micic,  Mia"
"751582","Braun,  Aliyana  Tedi"
"751586","Irfan,  Tengku  Ahmad"
"751590","Gulielmetti,  Jack"
"751610","Fig,  Aaron  Wolff"
"751614","Stevens,  Cassandra"
"751642","Sakho,  Hawa"
"751664","Rissmann,  Paul"
"751811","Leigh,  Mitch"
"752115","Velazquez,  Consuelo"
"752630","Duery,  Louis"
"752726","Hesketh,  Kenneth"
"752744","Sandidge,  Daniel"
"752955","Carey,  Mariah"
"752979","Isham,  Mark"
"753091","Zindars,  Earl"
"753139","Rechtman,  Elan"
"753475","Frackenpohl,  Arthur"
"753523","Monk,  Thelonious"
"753619","Ross,  Jerry"
"754058","Pasek,  Benj"
"754092","Bacharach,  Burt"
"754432","Flaherty,  Stephen"
"755129","Torch,  Sidney"
"757754","Taylor, Brooks & Stanley,"
"760064","Anderson,  Robert  Alex"
"761984","Hess,  Nigel"
"762038","Mitchell,  Brian  Stokes"
"762110","Kent,  Walter"
"762236","Colella,  Jeff"
"762290","Bucchino,  John"
"762726","Norman,  Monty"
"762900","Kerr,  Joseph  Frizell"
"762958","Igudesman,  Aleksey"
"763190","Igudesman & Joo,  Aleksey & Huyng-ki"
"763248","Conti,  Bill"
"763306","Joo,  Hyung-ki"
"763596","Perren, Fekaris, and Gaynor,  Freddie, Dino, and Gloria"
"763869","Davis,  Jimmie"
"764247","Arancio,  Julia"
"764248","Celestin,  Austin"
"764249","Cohn,  Ethan"
"764259","Green,  DeAnte"
"764260","Moske,  Nina"
"764261","Reno,  Anais"
"764267","O'Brien,  Jake"
"764307","Utagawa,  Karin"
"764309","Iwamoto,  Yuki"
"764311","Iwamoto,  Hiroaki"
"764374","Bai,  Chengren"
"764384","Luo,  Xiuying"
"764394","Xu,  Peidong"
"764404","Lei,  Zhenbang"
"764423","Ozone,  Makato"
"764612","Carpenter,  Mary  Chapin"
"769733","Djawadi,  Ramin"
"769846","Vivier,  Claude"
"770031","Hamelin,  Marc-André"
"770577","Newman,  Thomas"
"770578","Giacchino,  Michael"
"770589","Doyle,  Patrick"
"772173","Hosokawa,  Toshio"
"772198","Fujikura,  Dai"
"772206","Mantovani,  Bruno"
"772214","Neuwirth,  Olga"
"772238","Staud,  Johannes  Maria"
"772246","Andre,  Mark"
"772254","Senk,  Olga"
"772262","Schwartz,  Jay"
"772270","Zuraj,  Vito"
"772394","Wolfe,  Julia"
"772404","Mackey,  Steven"
"772440","Holliger,  Heinz"
"772448","Manoury,  Philippe"
"772472","Acosta,  Daniel"
"772582","Darris,  Samantha"
"772912","Choi,  Elli"
"773022","Bridge to Nowhere,"
"773462","Felsenfeld,  Daniel"
"773792","Iyer,  Vijay"
"773800","Detrick,  Zachary"
"773824","Wigglesworth,  Ryan"
"773845","Grime,  Helen"
"773870","Prestini,  Paola"
"773876","Nathan,  Eric"
"773882","Bettison,  Oscar"
"773888","Brown,  Ryan"
"773894","Hersch,  Michael"
"773900","Kapica,  Chris"
"773906","Adolphe,  Julia"
"773907","Dougherty,  William"
"773908","Grafe,  Max"
"773909","Jones,  Jesse"
"773910","Wang,  Lu"
"773911","McManus,  Andrew"
"773935","Cerha,  Friedrich"
"774025","Pesson,  Gerard [Gérard]"
"774115","Ustvolskaya,  Galina"
"774242","Eotvos [Eötvös],  Peter"
"774255","Eotvos [Eötvös],  Melody"
"774261","Honstein,  Robert"
"774267","Miller,  Jared"
"774273","Rotolo,  Kyle"
"774279","Stafylakis,  Haralabos [ Harry ]"
"774285","Wang,  A-Mao"
"774299","Cheung,  Anthony"
"774523","Green,  Joe"
"774535","Ray,  Don"
"774547","Greenwood,  Lee"
"777950","McHugh,  Jimmy"
"778240","Cipriani,  Stelvio"
"778285","Piovani,  Nicola"
"778321","Bacalov,  Luis  Enrique"
"778384","Trovajoli,  Armando"
"778447","Fusco,  Giovanni"
"778483","Brock,  Timothy"
"779140","Bjarnason,  Daniel [Daníel]"
"779164","Marshall,  Ingram"
"779188","Mazzoli,  Missy"
"779236","Andres,  Timo"
"779290","Suben,  Joel  Eric"
"779757","Mason,  Lowell"
"779759","Rutter,  John"
"779851","Tyzik,  Jeff"
"780635","Le Roy,  Henri  Leon"
"780901","Liao,  Shuwen"
"783288","Bardanashvili,  Josef"
"783307","Haber,  Yotam"
"784367","Pato and Tong,  Christina and Wu"
"784395","Bruce,  David"
"784409","Umezaki,  Kojiro"
"784423","Perapaskero,  Sapo"
"784437","Yanov-Yanovsky,  Dmitri"
"784977","Yan,  Hai-Deng"
"785017","Zhao,  Lin"
"785087","West,  Benjamin"
"785093","Ezekwenna,  Chibuzo ""Chi-chi"""
"785195","Kravath,  Lilly"
"785201","Lubetsky,  Maya"
"785207","Siguencia,  Marvin"
"785249","Tom,  Emma"
"785376","Aho,  Kalevi"
"785379","Zivkovic,  Djuro"
"785430","Tournier,  Marcel"
"785733","Escaich,  Thierry"
"786077","Montalti,  Vittorio"
"786093","Sciarrino,  Salvatore"
"786109","Francesconi,  Luca"
"786127","Tobias,  Charles"
"786128","Franklyn,  Milt"
"786130","Stalling,  Carl  W."
"786140","Livingston,  Alan"
"786141","Lennertz,  Christopher"
"786330","Mochizuki,  Misato"
"786612","Liu,  Tianhua"
"787453","Glanert,  Detlev"
"787866","Dessner and Parry,  Bryce and Richard Reed"
"787885","Pryor,  Arthur"
"788062","Medtner,  Nikolai"
"788110","Mallonee [Mallonée],  Caroline"
"788131","Soper,  Kate"
"788152","Schoenberg,  Adam"
"788173","Heidelberger,  Nathan"
"788235","Trifonov,  Daniil"
"788693","Van Heusen,  Jimmy"
"788801","Coleman,  Cy"
"788873","Mercer,  Johnny"
"788945","Silvers,  Dolores Vicki"
"789089","Mann,  David"
"789125","Haggart,  Bob"
"789376","Mostel,  Raphael"
"789382","Handel/ Mason,  George/Lowell"
"791002","Coletti,  Christopher"
"791182","Hudson,  Caleb"
"791956","Riese,  Mark"
"791960","Williams,  Pharrell"
"792060","Simons,  Moises"
"792472","Novacek,  John"
"792483","Rodine,  Saevar"
"792484","Egan,  Elizabeth"
"792485","Paunio,  Pyry"
"792489","Harris,  Gavin"
"792490","Villegas,  Mondriana"
"792497","Rankin,  Rimari"
"792508","Juarez,  Demicis"
"792786","Heidrich,  Peter"
"793375","Gang and He,  Chen and Zhanhao"
"793827","Westhoff,  Johann  Paul von"
"793962","Kovacs [Kovács],  Bela [Béla]"
"793982","Yuste Moreno,  Miguel"
"794209","Ewald,  Victor"
"797085","Colombier,  Michel"
"797099","Cohen,  Lenoard"
"797127","Botti,  Chris"
"797141","Page, Plant, and Bonham,  Jimmy, Robert, and John"
"797148","Foster,  David"
"797169","Mitchell,  Willie"
"797269","Krawczyk,  Franck"
"797840","Sabat,  Marc"
"797848","Ergun,  Cenk"
"797872","Grey,  Mark"
"797904","Aucoin,  Matthew"
"797936","Cerrone,  Chris"
"797984","Kline,  Phil"
"798000","Ludwig,  David"
"798032","Kahane,  Gabriel"
"798312","Lash,  Hannah"
"798381","Purrington,  Hilary"
"798560","Johnson,  John  Rosamund"
"798592","Adams,  Samuel"
"798640","Di Castri,  Zosha"
"798672","Gordon,  Michael"
"798688","Bielawa,  Lisa"
"798752","Dessner,  Bryce"
"798768","Rountree,  Christopher"
"798784","Sivan,  Noam"
"798832","Barrière ,  Jean-Baptiste"
"798848","Hodge,  Huck"
"798868","Lara,  Felipe"
"798873","Barry,  Gerald"
"799311","Braxton,  Tyondai"
"799317","Jacobson,  Colin"
"799431","Hartonen,  Aino"
"799613","Won,  Taehyun"
"799704","Ng,  Aidan"
"799795","Negron,  Angelica"
"799886","Andrade,  Angie"
"800171","Higdon,  Jennifer"
"800189","Fure,  Ashley"
"800216","Gosfield,  Annie"
"800220","Hirsch/Lanz,  Shelley/Joke"
"800222","Dempster,  Thomas"
"800227","Eckert,  Gerald"
"800232","Lee,  Damon"
"800237","Laub,  Fernando"
"800242","Babcock,  Andrew"
"800247","Leon,  Tania"
"800257","Hembree,  Paul"
"800262","Patrono,  Clelia"
"800267","Jones,  Jeremie"
"800272","Einbond,  Aaron"
"800277","Walters,  Andrew"
"800282","Schedel,  Margaret"
"800287","Vakeva,  Kari"
"800295","Bailey,  Christopher"
"800303","Frankel,  Ari"
"800319","Kim,  HanNa"
"800327","Ueno,  Ken"
"800343","Nichols,  Charles"
"800351","Fritts,  Lawrence"
"800359","Evans,  Eric"
"800367","Niblock,  Phill"
"800387","PUBLIQuartet,"
"800388","Norpoth,  John-Paul/Jannina"
"800395","Zaki,  Mark"
"800401","Cline,  Nicholas"
"800407","Wright,  Maurice"
"800413","Szymanski,  Fred"
"800419","Hoffman,  Elizabeth"
"800425","Howe,  Hurbert"
"800437","Ainger,  Marc"
"800443","von Reusner,  Clemens"
"800449","Luhmann,  Grant"
"800455","Hass,  Jeffrey"
"800461","Nichols,  John"
"800485","Kramer,  Reiner"
"800496","Moore,  Ted"
"800507","Thomas,  Paul  David"
"800518","Clausen,  Joshua"
"800529","Lyon,  Eric"
"800538","Cunningham,  Stuart"
"800547","Dashow,  James"
"800556","Grippe,  Ragnar"
"800565","Wang,  Tuo"
"800574","Gatti,  Paolo"
"800592","Cerar/Borissov,  Maja/Liubo"
"800601","Otani,  Yasuhiro"
"800610","Li,  Wuan-chin"
"800619","Mailman,  Joshua"
"800628","Gogins,  Michael"
"800637","Kotcheff,  Thomas"
"800655","Stark,  Christopher"
"800679","Kihlstedt,  Carla"
"800688","Bleckmann,  Theo"
"800697","Shaw,  Caroline"
"800706","Kouyoumdjian,  Mary"
"800757","Jacobsen,  Colin"
"800919","Alexander,  Lucas"
"800920","Qian,  Yibing"
"801260","Ranjbaran,  Behzad"
"801461","Lenon/McCartney,  John/Paul"
"801650","Renie [Renié],  Henriette"
"802197","Graham,  Peter"
"802201","Pascuzzi,  Gregory"
"802217","Gates,  Dorothy"
"802229","Anonymous,"
"802245","Leidzen,  Erik"
"802943","Araujo,  Benjamin"
"802944","Estrella,  Marisol"
"802945","Hata,  Yusei"
"802950","Rabiu,  Isai"
"803196","Gontarcyk,  Nikita"
"803197","Weerakkody,  Suvani"
"803209","Hurlstone,  William"
"803215","Malin and Cordero,  Leslie and Percaiz"
"803483","Tzu,  Huang"
"804888","Thomas,  Michael  Tilson"
"804891","Broughton,  Bruce"
"804982","Davies,  Tansy"
"805126","Thorvaldsdottir,  Anna"
"805151","Bjork [Björk],"
"805376","Wubbels,  Eric"
"805399","Pluta,  Sam"
"805445","Fulmer,  David"
"805646","Azmeh,  Kinan"
"805665","Perez,  Edward"
"806166","Feng,  Shuya"
